{"v":"4.11.2","fr":30,"ip":0,"op":60,"w":1200,"h":1200,"nm":"合成","ddd":0,"assets":[{"id":"comp_0","layers":[{"ddd":0,"ind":1,"ty":4,"nm":"形状图层 26","sr":1,"ks":{"o":{"a":0,"k":100,"ix":11},"r":{"a":0,"k":0,"ix":10},"p":{"s":true,"x":{"a":0,"k":1096,"ix":3},"y":{"a":1,"k":[{"i":{"x":[0.478],"y":[1.012]},"o":{"x":[0.865],"y":[0]},"n":["0p478_1p012_0p865_0"],"t":31,"s":[1490.203],"e":[962.203]},{"i":{"x":[0.344],"y":[1]},"o":{"x":[0.333],"y":[0]},"n":["0p344_1_0p333_0"],"t":38,"s":[962.203],"e":[962.203]},{"i":{"x":[0.376],"y":[1.019]},"o":{"x":[0.468],"y":[-0.008]},"n":["0p376_1p019_0p468_-0p008"],"t":40,"s":[962.203],"e":[1491.203]},{"t":47}],"ix":4}},"a":{"a":0,"k":[-5.438,400.203,0],"ix":1},"s":{"a":1,"k":[{"i":{"x":[0.833,0.833,0.833],"y":[0.833,0.833,0.833]},"o":{"x":[0.167,0.167,0.167],"y":[0.167,0.167,0.167]},"n":["0p833_0p833_0p167_0p167","0p833_0p833_0p167_0p167","0p833_0p833_0p167_0p167"],"t":24,"s":[100,100,100],"e":[100,100,100]},{"i":{"x":[0.667,0.667,0.667],"y":[1,1,1]},"o":{"x":[0.167,0.167,0.167],"y":[0.167,0.167,0]},"n":["0p667_1_0p167_0p167","0p667_1_0p167_0p167","0p667_1_0p167_0"],"t":26,"s":[100,100,100],"e":[118,52,100]},{"i":{"x":[0.281,0.667,0.667],"y":[1,1,1]},"o":{"x":[0.697,0.333,0.333],"y":[0.051,0,0]},"n":["0p281_1_0p697_0p051","0p667_1_0p333_0","0p667_1_0p333_0"],"t":31,"s":[118,52,100],"e":[80,100,100]},{"i":{"x":[0.648,0.648,0.648],"y":[1,1,1]},"o":{"x":[0.308,0.308,0.308],"y":[0,0,0]},"n":["0p648_1_0p308_0","0p648_1_0p308_0","0p648_1_0p308_0"],"t":38,"s":[80,100,100],"e":[80,100,100]},{"i":{"x":[0.667,0.667,0.667],"y":[1,1,1]},"o":{"x":[0.389,0.389,0.389],"y":[0,0,0]},"n":["0p667_1_0p389_0","0p667_1_0p389_0","0p667_1_0p389_0"],"t":40,"s":[80,100,100],"e":[118,52,100]},{"i":{"x":[0.833,0.833,0.833],"y":[0.833,0.833,1]},"o":{"x":[0.167,0.167,0.167],"y":[0,0,0]},"n":["0p833_0p833_0p167_0","0p833_0p833_0p167_0","0p833_1_0p167_0"],"t":48,"s":[118,52,100],"e":[100,100,100]},{"t":51}],"ix":6}},"ao":0,"hasMask":true,"masksProperties":[{"inv":false,"mode":"a","pt":{"a":0,"k":{"i":[[0,0],[0,0],[0,0],[0,0]],"o":[[0,0],[0,0],[0,0],[0,0]],"v":[[472.773,325.031],[-436.438,325.031],[-436.438,516],[472.773,516]],"c":true},"ix":1},"o":{"a":0,"k":100,"ix":3},"x":{"a":0,"k":0,"ix":4},"nm":"蒙版 1"}],"shapes":[{"ty":"gr","it":[{"ty":"rc","d":1,"s":{"a":0,"k":[701.125,144.203],"ix":2},"p":{"a":0,"k":[0,0],"ix":3},"r":{"a":0,"k":99,"ix":4},"nm":"矩形路径 1","mn":"ADBE Vector Shape - Rect","hd":false},{"ty":"fl","c":{"a":0,"k":[0.886274509804,0.478431372549,0,1],"ix":4},"o":{"a":0,"k":100,"ix":5},"r":1,"nm":"填充 1","mn":"ADBE Vector Graphic - Fill","hd":false},{"ty":"tr","p":{"a":0,"k":[-5.438,328.102],"ix":2},"a":{"a":0,"k":[0,0],"ix":1},"s":{"a":0,"k":[100,100],"ix":3},"r":{"a":0,"k":0,"ix":6},"o":{"a":0,"k":100,"ix":7},"sk":{"a":0,"k":0,"ix":4},"sa":{"a":0,"k":0,"ix":5},"nm":"变换"}],"nm":"矩形 1","np":3,"cix":2,"ix":1,"mn":"ADBE Vector Group","hd":false}],"ip":24,"op":62,"st":0,"bm":0},{"ddd":0,"ind":2,"ty":4,"nm":"形状图层 24","sr":1,"ks":{"o":{"a":0,"k":100,"ix":11},"r":{"a":0,"k":0,"ix":10},"p":{"s":true,"x":{"a":0,"k":1096,"ix":3},"y":{"a":1,"k":[{"i":{"x":[0.478],"y":[1.012]},"o":{"x":[0.865],"y":[0]},"n":["0p478_1p012_0p865_0"],"t":31,"s":[1490.203],"e":[962.203]},{"i":{"x":[0.344],"y":[1]},"o":{"x":[0.333],"y":[0]},"n":["0p344_1_0p333_0"],"t":38,"s":[962.203],"e":[962.203]},{"i":{"x":[0.376],"y":[1.019]},"o":{"x":[0.468],"y":[-0.008]},"n":["0p376_1p019_0p468_-0p008"],"t":40,"s":[962.203],"e":[1491.203]},{"t":47}],"ix":4}},"a":{"a":0,"k":[-5.438,400.203,0],"ix":1},"s":{"a":1,"k":[{"i":{"x":[0.833,0.833,0.833],"y":[0.833,0.833,0.833]},"o":{"x":[0.167,0.167,0.167],"y":[0.167,0.167,0.167]},"n":["0p833_0p833_0p167_0p167","0p833_0p833_0p167_0p167","0p833_0p833_0p167_0p167"],"t":24,"s":[100,100,100],"e":[100,100,100]},{"i":{"x":[0.667,0.667,0.667],"y":[1,1,1]},"o":{"x":[0.167,0.167,0.167],"y":[0.167,0.167,0]},"n":["0p667_1_0p167_0p167","0p667_1_0p167_0p167","0p667_1_0p167_0"],"t":26,"s":[100,100,100],"e":[118,52,100]},{"i":{"x":[0.281,0.667,0.667],"y":[1,1,1]},"o":{"x":[0.697,0.333,0.333],"y":[0.051,0,0]},"n":["0p281_1_0p697_0p051","0p667_1_0p333_0","0p667_1_0p333_0"],"t":31,"s":[118,52,100],"e":[80,100,100]},{"i":{"x":[0.648,0.648,0.648],"y":[1,1,1]},"o":{"x":[0.308,0.308,0.308],"y":[0,0,0]},"n":["0p648_1_0p308_0","0p648_1_0p308_0","0p648_1_0p308_0"],"t":38,"s":[80,100,100],"e":[80,100,100]},{"i":{"x":[0.667,0.667,0.667],"y":[1,1,1]},"o":{"x":[0.389,0.389,0.389],"y":[0,0,0]},"n":["0p667_1_0p389_0","0p667_1_0p389_0","0p667_1_0p389_0"],"t":40,"s":[80,100,100],"e":[118,52,100]},{"i":{"x":[0.833,0.833,0.833],"y":[0.833,0.833,1]},"o":{"x":[0.167,0.167,0.167],"y":[0,0,0]},"n":["0p833_0p833_0p167_0","0p833_0p833_0p167_0","0p833_1_0p167_0"],"t":48,"s":[118,52,100],"e":[100,100,100]},{"t":51}],"ix":6}},"ao":0,"shapes":[{"ty":"gr","it":[{"ty":"rc","d":1,"s":{"a":0,"k":[701.125,144.203],"ix":2},"p":{"a":0,"k":[0,0],"ix":3},"r":{"a":0,"k":99,"ix":4},"nm":"矩形路径 1","mn":"ADBE Vector Shape - Rect","hd":false},{"ty":"fl","c":{"a":0,"k":[1,0.802113970588,0,1],"ix":4},"o":{"a":0,"k":100,"ix":5},"r":1,"nm":"填充 1","mn":"ADBE Vector Graphic - Fill","hd":false},{"ty":"tr","p":{"a":0,"k":[-5.438,328.102],"ix":2},"a":{"a":0,"k":[0,0],"ix":1},"s":{"a":0,"k":[100,100],"ix":3},"r":{"a":0,"k":0,"ix":6},"o":{"a":0,"k":100,"ix":7},"sk":{"a":0,"k":0,"ix":4},"sa":{"a":0,"k":0,"ix":5},"nm":"变换"}],"nm":"矩形 1","np":3,"cix":2,"ix":1,"mn":"ADBE Vector Group","hd":false}],"ip":24,"op":62,"st":0,"bm":0},{"ddd":0,"ind":3,"ty":4,"nm":"形状图层 25","sr":1,"ks":{"o":{"a":0,"k":100,"ix":11},"r":{"a":0,"k":0,"ix":10},"p":{"a":0,"k":[1096,1490.203,0],"ix":2},"a":{"a":0,"k":[-5.438,400.203,0],"ix":1},"s":{"a":0,"k":[100,100,100],"ix":6}},"ao":0,"hasMask":true,"masksProperties":[{"inv":false,"mode":"a","pt":{"a":0,"k":{"i":[[0,0],[0,0],[0,0],[0,0]],"o":[[0,0],[0,0],[0,0],[0,0]],"v":[[404.352,322.906],[-417.438,322.906],[-417.438,485],[404.352,485]],"c":true},"ix":1},"o":{"a":0,"k":100,"ix":3},"x":{"a":0,"k":0,"ix":4},"nm":"蒙版 1"}],"shapes":[{"ty":"gr","it":[{"ty":"rc","d":1,"s":{"a":0,"k":[701.125,144.203],"ix":2},"p":{"a":0,"k":[0,0],"ix":3},"r":{"a":0,"k":99,"ix":4},"nm":"矩形路径 1","mn":"ADBE Vector Shape - Rect","hd":false},{"ty":"fl","c":{"a":0,"k":[0.886810661765,0.477312783634,0,1],"ix":4},"o":{"a":0,"k":100,"ix":5},"r":1,"nm":"填充 1","mn":"ADBE Vector Graphic - Fill","hd":false},{"ty":"tr","p":{"a":0,"k":[-5.438,328.102],"ix":2},"a":{"a":0,"k":[0,0],"ix":1},"s":{"a":0,"k":[100,100],"ix":3},"r":{"a":0,"k":0,"ix":6},"o":{"a":0,"k":100,"ix":7},"sk":{"a":0,"k":0,"ix":4},"sa":{"a":0,"k":0,"ix":5},"nm":"变换"}],"nm":"矩形 1","np":3,"cix":2,"ix":1,"mn":"ADBE Vector Group","hd":false}],"ip":0,"op":24,"st":0,"bm":0},{"ddd":0,"ind":4,"ty":4,"nm":"形状图层 23","sr":1,"ks":{"o":{"a":0,"k":100,"ix":11},"r":{"a":0,"k":0,"ix":10},"p":{"a":0,"k":[1096,1490.203,0],"ix":2},"a":{"a":0,"k":[-5.438,400.203,0],"ix":1},"s":{"a":0,"k":[100,100,100],"ix":6}},"ao":0,"shapes":[{"ty":"gr","it":[{"ty":"rc","d":1,"s":{"a":0,"k":[701.125,144.203],"ix":2},"p":{"a":0,"k":[0,0],"ix":3},"r":{"a":0,"k":99,"ix":4},"nm":"矩形路径 1","mn":"ADBE Vector Shape - Rect","hd":false},{"ty":"fl","c":{"a":0,"k":[1,0.802113970588,0,1],"ix":4},"o":{"a":0,"k":100,"ix":5},"r":1,"nm":"填充 1","mn":"ADBE Vector Graphic - Fill","hd":false},{"ty":"tr","p":{"a":0,"k":[-5.438,328.102],"ix":2},"a":{"a":0,"k":[0,0],"ix":1},"s":{"a":0,"k":[100,100],"ix":3},"r":{"a":0,"k":0,"ix":6},"o":{"a":0,"k":100,"ix":7},"sk":{"a":0,"k":0,"ix":4},"sa":{"a":0,"k":0,"ix":5},"nm":"变换"}],"nm":"矩形 1","np":3,"cix":2,"ix":1,"mn":"ADBE Vector Group","hd":false}],"ip":0,"op":24,"st":0,"bm":0},{"ddd":0,"ind":5,"ty":4,"nm":"形状图层 16","parent":15,"sr":1,"ks":{"o":{"a":0,"k":100,"ix":11},"r":{"a":0,"k":0,"ix":10},"p":{"a":1,"k":[{"i":{"x":0.702,"y":0},"o":{"x":0.333,"y":0},"n":"0p702_0_0p333_0","t":10,"s":[-82.141,-35.369,0],"e":[42.53,-35.369,0],"to":[16.86789894104,0,0],"ti":[-40.7180671691895,0,0]},{"i":{"x":0.667,"y":1},"o":{"x":0.138,"y":1},"n":"0p667_1_0p138_1","t":13,"s":[42.53,-35.369,0],"e":[81.158,-35.369,0],"to":[24.9811515808105,0,0],"ti":[-10.3487119674683,0,0]},{"i":{"x":0.667,"y":1},"o":{"x":0.333,"y":0},"n":"0p667_1_0p333_0","t":15,"s":[81.158,-35.369,0],"e":[81.158,-35.369,0],"to":[27.216609954834,0,0],"ti":[0,0,0]},{"i":{"x":0.667,"y":1},"o":{"x":0.333,"y":0},"n":"0p667_1_0p333_0","t":20,"s":[81.158,-35.369,0],"e":[26.276,-35.369,0],"to":[0,0,0],"ti":[0,0,0]},{"t":25}],"ix":2},"a":{"a":0,"k":[-180.047,-540.047,0],"ix":1},"s":{"a":0,"k":[23.569,23.569,100],"ix":6}},"ao":0,"shapes":[{"ty":"gr","it":[{"d":1,"ty":"el","s":{"a":0,"k":[119.906,119.906],"ix":2},"p":{"a":0,"k":[0,0],"ix":3},"nm":"椭圆路径 1","mn":"ADBE Vector Shape - Ellipse","hd":false},{"ty":"fl","c":{"a":0,"k":[0.992984068627,0.992984068627,0.992984068627,1],"ix":4},"o":{"a":0,"k":100,"ix":5},"r":1,"nm":"填充 1","mn":"ADBE Vector Graphic - Fill","hd":false},{"ty":"tr","p":{"a":0,"k":[-180.047,-540.047],"ix":2},"a":{"a":0,"k":[0,0],"ix":1},"s":{"a":0,"k":[100,100],"ix":3},"r":{"a":0,"k":0,"ix":6},"o":{"a":0,"k":100,"ix":7},"sk":{"a":0,"k":0,"ix":4},"sa":{"a":0,"k":0,"ix":5},"nm":"变换"}],"nm":"椭圆 1","np":3,"cix":2,"ix":1,"mn":"ADBE Vector Group","hd":false}],"ip":25,"op":64,"st":0,"bm":0},{"ddd":0,"ind":6,"ty":4,"nm":"形状图层 15","sr":1,"ks":{"o":{"a":0,"k":100,"ix":11},"r":{"a":0,"k":0,"ix":10},"p":{"a":1,"k":[{"i":{"x":0.667,"y":1},"o":{"x":0.333,"y":0},"n":"0p667_1_0p333_0","t":10,"s":[1033.314,857.953,0],"e":[1340.314,857.953,0],"to":[51.1666679382324,0,0],"ti":[-51.1666679382324,0,0]},{"i":{"x":0.667,"y":0.667},"o":{"x":0.333,"y":0.333},"n":"0p667_0p667_0p333_0p333","t":15,"s":[1340.314,857.953,0],"e":[1340.314,857.953,0],"to":[0,0,0],"ti":[0,0,0]},{"i":{"x":0.667,"y":1},"o":{"x":0.333,"y":0},"n":"0p667_1_0p333_0","t":20,"s":[1340.314,857.953,0],"e":[1183.314,857.953,0],"to":[-26.1666660308838,0,0],"ti":[26.1666660308838,0,0]},{"t":24}],"ix":2},"a":{"a":0,"k":[-180.047,-540.047,0],"ix":1},"s":{"a":0,"k":[70,70,100],"ix":6}},"ao":0,"shapes":[{"ty":"gr","it":[{"d":1,"ty":"el","s":{"a":0,"k":[119.906,119.906],"ix":2},"p":{"a":0,"k":[0,0],"ix":3},"nm":"椭圆路径 1","mn":"ADBE Vector Shape - Ellipse","hd":false},{"ty":"fl","c":{"a":0,"k":[0.992984068627,0.992984068627,0.992984068627,1],"ix":4},"o":{"a":0,"k":100,"ix":5},"r":1,"nm":"填充 1","mn":"ADBE Vector Graphic - Fill","hd":false},{"ty":"tr","p":{"a":0,"k":[-180.047,-540.047],"ix":2},"a":{"a":0,"k":[0,0],"ix":1},"s":{"a":0,"k":[100,100],"ix":3},"r":{"a":0,"k":0,"ix":6},"o":{"a":0,"k":100,"ix":7},"sk":{"a":0,"k":0,"ix":4},"sa":{"a":0,"k":0,"ix":5},"nm":"变换"}],"nm":"椭圆 1","np":3,"cix":2,"ix":1,"mn":"ADBE Vector Group","hd":false}],"ip":10,"op":25,"st":0,"bm":0},{"ddd":0,"ind":7,"ty":4,"nm":"形状图层 14","parent":15,"sr":1,"ks":{"o":{"a":0,"k":100,"ix":11},"r":{"a":0,"k":0,"ix":10},"p":{"a":0,"k":[23.67,-35.369,0],"ix":2},"a":{"a":0,"k":[-180.047,-540.047,0],"ix":1},"s":{"a":0,"k":[23.569,23.569,100],"ix":6}},"ao":0,"shapes":[{"ty":"gr","it":[{"d":1,"ty":"el","s":{"a":0,"k":[119.906,119.906],"ix":2},"p":{"a":0,"k":[0,0],"ix":3},"nm":"椭圆路径 1","mn":"ADBE Vector Shape - Ellipse","hd":false},{"ty":"fl","c":{"a":0,"k":[0.992984068627,0.992984068627,0.992984068627,1],"ix":4},"o":{"a":0,"k":100,"ix":5},"r":1,"nm":"填充 1","mn":"ADBE Vector Graphic - Fill","hd":false},{"ty":"tr","p":{"a":0,"k":[-180.047,-540.047],"ix":2},"a":{"a":0,"k":[0,0],"ix":1},"s":{"a":0,"k":[100,100],"ix":3},"r":{"a":0,"k":0,"ix":6},"o":{"a":0,"k":100,"ix":7},"sk":{"a":0,"k":0,"ix":4},"sa":{"a":0,"k":0,"ix":5},"nm":"变换"}],"nm":"椭圆 1","np":3,"cix":2,"ix":1,"mn":"ADBE Vector Group","hd":false}],"ip":0,"op":10,"st":0,"bm":0},{"ddd":0,"ind":8,"ty":4,"nm":"形状图层 8","sr":1,"ks":{"o":{"a":0,"k":100,"ix":11},"r":{"a":0,"k":0,"ix":10},"p":{"a":1,"k":[{"i":{"x":0.833,"y":0.833},"o":{"x":0.167,"y":0.167},"n":"0p833_0p833_0p167_0p167","t":13,"s":[1017.075,1137.781,0],"e":[937.109,1142.781,0],"to":[-13.3276557922363,0.83333331346512,0],"ti":[25.1609897613525,-0.83333331346512,0]},{"i":{"x":0.833,"y":0.833},"o":{"x":0.167,"y":0.167},"n":"0p833_0p833_0p167_0p167","t":15,"s":[937.109,1142.781,0],"e":[866.109,1142.781,0],"to":[-25.1609897613525,0.83333331346512,0],"ti":[11.8333330154419,0,0]},{"t":19}],"ix":2},"a":{"a":0,"k":[158.781,-319.219,0],"ix":1},"s":{"a":1,"k":[{"i":{"x":[0.833,0.833,0.833],"y":[0.833,0.833,0.833]},"o":{"x":[0.167,0.167,0.167],"y":[0.167,0.167,0.167]},"n":["0p833_0p833_0p167_0p167","0p833_0p833_0p167_0p167","0p833_0p833_0p167_0p167"],"t":13,"s":[112,112,100],"e":[176,176,100]},{"i":{"x":[0.833,0.833,0.833],"y":[0.833,0.833,0.833]},"o":{"x":[0.167,0.167,0.167],"y":[0.167,0.167,0.167]},"n":["0p833_0p833_0p167_0p167","0p833_0p833_0p167_0p167","0p833_0p833_0p167_0p167"],"t":15,"s":[176,176,100],"e":[0,0,100]},{"t":19}],"ix":6}},"ao":0,"shapes":[{"ty":"gr","it":[{"d":1,"ty":"el","s":{"a":0,"k":[37.562,37.562],"ix":2},"p":{"a":0,"k":[0,0],"ix":3},"nm":"椭圆路径 1","mn":"ADBE Vector Shape - Ellipse","hd":false},{"ty":"fl","c":{"a":0,"k":[1,0.403921568627,0,1],"ix":4},"o":{"a":0,"k":100,"ix":5},"r":1,"nm":"填充 1","mn":"ADBE Vector Graphic - Fill","hd":false},{"ty":"tr","p":{"a":0,"k":[158.781,-319.219],"ix":2},"a":{"a":0,"k":[0,0],"ix":1},"s":{"a":0,"k":[100,100],"ix":3},"r":{"a":0,"k":0,"ix":6},"o":{"a":0,"k":100,"ix":7},"sk":{"a":0,"k":0,"ix":4},"sa":{"a":0,"k":0,"ix":5},"nm":"变换"}],"nm":"椭圆 1","np":3,"cix":2,"ix":1,"mn":"ADBE Vector Group","hd":false}],"ip":10,"op":62,"st":10,"bm":0},{"ddd":0,"ind":9,"ty":4,"nm":"形状图层 7","sr":1,"ks":{"o":{"a":0,"k":100,"ix":11},"r":{"a":0,"k":0,"ix":10},"p":{"a":1,"k":[{"i":{"x":0.833,"y":0.833},"o":{"x":0.167,"y":0.167},"n":"0p833_0p833_0p167_0p167","t":13,"s":[915.781,1016.781,0],"e":[766.781,1027.781,0],"to":[-24.8333339691162,1.83333337306976,0],"ti":[36.6666679382324,-1.83333337306976,0]},{"i":{"x":0.833,"y":0.833},"o":{"x":0.167,"y":0.167},"n":"0p833_0p833_0p167_0p167","t":15,"s":[766.781,1027.781,0],"e":[695.781,1027.781,0],"to":[-36.6666679382324,1.83333337306976,0],"ti":[11.8333330154419,0,0]},{"t":19}],"ix":2},"a":{"a":0,"k":[158.781,-319.219,0],"ix":1},"s":{"a":1,"k":[{"i":{"x":[0.833,0.833,0.833],"y":[0.833,0.833,0.833]},"o":{"x":[0.167,0.167,0.167],"y":[0.167,0.167,0.167]},"n":["0p833_0p833_0p167_0p167","0p833_0p833_0p167_0p167","0p833_0p833_0p167_0p167"],"t":13,"s":[154,154,100],"e":[216,216,100]},{"i":{"x":[0.833,0.833,0.833],"y":[0.833,0.833,0.833]},"o":{"x":[0.167,0.167,0.167],"y":[0.167,0.167,0.167]},"n":["0p833_0p833_0p167_0p167","0p833_0p833_0p167_0p167","0p833_0p833_0p167_0p167"],"t":15,"s":[216,216,100],"e":[0,0,100]},{"t":19}],"ix":6}},"ao":0,"shapes":[{"ty":"gr","it":[{"d":1,"ty":"el","s":{"a":0,"k":[37.562,37.562],"ix":2},"p":{"a":0,"k":[0,0],"ix":3},"nm":"椭圆路径 1","mn":"ADBE Vector Shape - Ellipse","hd":false},{"ty":"fl","c":{"a":0,"k":[1,0.403921568627,0,1],"ix":4},"o":{"a":0,"k":100,"ix":5},"r":1,"nm":"填充 1","mn":"ADBE Vector Graphic - Fill","hd":false},{"ty":"tr","p":{"a":0,"k":[158.781,-319.219],"ix":2},"a":{"a":0,"k":[0,0],"ix":1},"s":{"a":0,"k":[100,100],"ix":3},"r":{"a":0,"k":0,"ix":6},"o":{"a":0,"k":100,"ix":7},"sk":{"a":0,"k":0,"ix":4},"sa":{"a":0,"k":0,"ix":5},"nm":"变换"}],"nm":"椭圆 1","np":3,"cix":2,"ix":1,"mn":"ADBE Vector Group","hd":false}],"ip":10,"op":62,"st":10,"bm":0},{"ddd":0,"ind":10,"ty":4,"nm":"形状图层 6","sr":1,"ks":{"o":{"a":0,"k":100,"ix":11},"r":{"a":0,"k":0,"ix":10},"p":{"a":1,"k":[{"i":{"x":0.833,"y":0.833},"o":{"x":0.167,"y":0.167},"n":"0p833_0p833_0p167_0p167","t":13,"s":[1011.075,784.781,0],"e":[893.069,786.781,0],"to":[-19.6676559448242,0.33333334326744,0],"ti":[31.5009880065918,-0.33333334326744,0]},{"i":{"x":0.833,"y":0.833},"o":{"x":0.167,"y":0.167},"n":"0p833_0p833_0p167_0p167","t":15,"s":[893.069,786.781,0],"e":[822.069,786.781,0],"to":[-31.5009880065918,0.33333334326744,0],"ti":[11.8333330154419,0,0]},{"t":19}],"ix":2},"a":{"a":0,"k":[158.781,-319.219,0],"ix":1},"s":{"a":1,"k":[{"i":{"x":[0.833,0.833,0.833],"y":[0.833,0.833,0.833]},"o":{"x":[0.167,0.167,0.167],"y":[0.167,0.167,0.167]},"n":["0p833_0p833_0p167_0p167","0p833_0p833_0p167_0p167","0p833_0p833_0p167_0p167"],"t":13,"s":[120,120,100],"e":[164,164,100]},{"i":{"x":[0.833,0.833,0.833],"y":[0.833,0.833,0.833]},"o":{"x":[0.167,0.167,0.167],"y":[0.167,0.167,0.167]},"n":["0p833_0p833_0p167_0p167","0p833_0p833_0p167_0p167","0p833_0p833_0p167_0p167"],"t":15,"s":[164,164,100],"e":[0,0,100]},{"t":19}],"ix":6}},"ao":0,"shapes":[{"ty":"gr","it":[{"d":1,"ty":"el","s":{"a":0,"k":[37.562,37.562],"ix":2},"p":{"a":0,"k":[0,0],"ix":3},"nm":"椭圆路径 1","mn":"ADBE Vector Shape - Ellipse","hd":false},{"ty":"fl","c":{"a":0,"k":[1,0.403921568627,0,1],"ix":4},"o":{"a":0,"k":100,"ix":5},"r":1,"nm":"填充 1","mn":"ADBE Vector Graphic - Fill","hd":false},{"ty":"tr","p":{"a":0,"k":[158.781,-319.219],"ix":2},"a":{"a":0,"k":[0,0],"ix":1},"s":{"a":0,"k":[100,100],"ix":3},"r":{"a":0,"k":0,"ix":6},"o":{"a":0,"k":100,"ix":7},"sk":{"a":0,"k":0,"ix":4},"sa":{"a":0,"k":0,"ix":5},"nm":"变换"}],"nm":"椭圆 1","np":3,"cix":2,"ix":1,"mn":"ADBE Vector Group","hd":false}],"ip":10,"op":62,"st":10,"bm":0},{"ddd":0,"ind":12,"ty":4,"nm":"形状图层 21","sr":1,"ks":{"o":{"a":0,"k":100,"ix":11},"r":{"a":0,"k":0,"ix":10},"p":{"a":1,"k":[{"i":{"x":0.833,"y":0.833},"o":{"x":0.167,"y":0.167},"n":"0p833_0p833_0p167_0p167","t":3,"s":[1150.075,1137.781,0],"e":[1281.781,1142.781,0],"to":[21.951042175293,0.83333331346512,0],"ti":[-28.1177082061768,-0.83333331346512,0]},{"i":{"x":0.833,"y":0.833},"o":{"x":0.167,"y":0.167},"n":"0p833_0p833_0p167_0p167","t":5,"s":[1281.781,1142.781,0],"e":[1318.781,1142.781,0],"to":[28.1177082061768,0.83333331346512,0],"ti":[-6.16666650772095,0,0]},{"t":9}],"ix":2},"a":{"a":0,"k":[158.781,-319.219,0],"ix":1},"s":{"a":1,"k":[{"i":{"x":[0.833,0.833,0.833],"y":[0.833,0.833,0.833]},"o":{"x":[0.167,0.167,0.167],"y":[0.167,0.167,0.167]},"n":["0p833_0p833_0p167_0p167","0p833_0p833_0p167_0p167","0p833_0p833_0p167_0p167"],"t":3,"s":[112,112,100],"e":[185,185,100]},{"i":{"x":[0.833,0.833,0.833],"y":[0.833,0.833,0.833]},"o":{"x":[0.167,0.167,0.167],"y":[0.167,0.167,0.167]},"n":["0p833_0p833_0p167_0p167","0p833_0p833_0p167_0p167","0p833_0p833_0p167_0p167"],"t":5,"s":[185,185,100],"e":[0,0,100]},{"t":9}],"ix":6}},"ao":0,"shapes":[{"ty":"gr","it":[{"d":1,"ty":"el","s":{"a":0,"k":[37.562,37.562],"ix":2},"p":{"a":0,"k":[0,0],"ix":3},"nm":"椭圆路径 1","mn":"ADBE Vector Shape - Ellipse","hd":false},{"ty":"fl","c":{"a":0,"k":[1,0.403921568627,0,1],"ix":4},"o":{"a":0,"k":100,"ix":5},"r":1,"nm":"填充 1","mn":"ADBE Vector Graphic - Fill","hd":false},{"ty":"tr","p":{"a":0,"k":[158.781,-319.219],"ix":2},"a":{"a":0,"k":[0,0],"ix":1},"s":{"a":0,"k":[100,100],"ix":3},"r":{"a":0,"k":0,"ix":6},"o":{"a":0,"k":100,"ix":7},"sk":{"a":0,"k":0,"ix":4},"sa":{"a":0,"k":0,"ix":5},"nm":"变换"}],"nm":"椭圆 1","np":3,"cix":2,"ix":1,"mn":"ADBE Vector Group","hd":false}],"ip":3,"op":70,"st":0,"bm":0},{"ddd":0,"ind":13,"ty":4,"nm":"形状图层 4","sr":1,"ks":{"o":{"a":0,"k":100,"ix":11},"r":{"a":0,"k":0,"ix":10},"p":{"a":1,"k":[{"i":{"x":0.833,"y":0.833},"o":{"x":0.167,"y":0.167},"n":"0p833_0p833_0p167_0p167","t":3,"s":[1252.781,910.781,0],"e":[1427.781,899.781,0],"to":[29.1666660308838,-1.83333337306976,0],"ti":[-35.3333320617676,1.83333337306976,0]},{"i":{"x":0.833,"y":0.833},"o":{"x":0.167,"y":0.167},"n":"0p833_0p833_0p167_0p167","t":5,"s":[1427.781,899.781,0],"e":[1464.781,899.781,0],"to":[35.3333320617676,-1.83333337306976,0],"ti":[-6.16666650772095,0,0]},{"t":9}],"ix":2},"a":{"a":0,"k":[158.781,-319.219,0],"ix":1},"s":{"a":1,"k":[{"i":{"x":[0.833,0.833,0.833],"y":[0.833,0.833,0.833]},"o":{"x":[0.167,0.167,0.167],"y":[0.167,0.167,0.167]},"n":["0p833_0p833_0p167_0p167","0p833_0p833_0p167_0p167","0p833_0p833_0p167_0p167"],"t":3,"s":[154,154,100],"e":[225,225,100]},{"i":{"x":[0.833,0.833,0.833],"y":[0.833,0.833,0.833]},"o":{"x":[0.167,0.167,0.167],"y":[0.167,0.167,0.167]},"n":["0p833_0p833_0p167_0p167","0p833_0p833_0p167_0p167","0p833_0p833_0p167_0p167"],"t":5,"s":[225,225,100],"e":[0,0,100]},{"t":9}],"ix":6}},"ao":0,"shapes":[{"ty":"gr","it":[{"d":1,"ty":"el","s":{"a":0,"k":[37.562,37.562],"ix":2},"p":{"a":0,"k":[0,0],"ix":3},"nm":"椭圆路径 1","mn":"ADBE Vector Shape - Ellipse","hd":false},{"ty":"fl","c":{"a":0,"k":[1,0.403921568627,0,1],"ix":4},"o":{"a":0,"k":100,"ix":5},"r":1,"nm":"填充 1","mn":"ADBE Vector Graphic - Fill","hd":false},{"ty":"tr","p":{"a":0,"k":[158.781,-319.219],"ix":2},"a":{"a":0,"k":[0,0],"ix":1},"s":{"a":0,"k":[100,100],"ix":3},"r":{"a":0,"k":0,"ix":6},"o":{"a":0,"k":100,"ix":7},"sk":{"a":0,"k":0,"ix":4},"sa":{"a":0,"k":0,"ix":5},"nm":"变换"}],"nm":"椭圆 1","np":3,"cix":2,"ix":1,"mn":"ADBE Vector Group","hd":false}],"ip":0,"op":70,"st":0,"bm":0},{"ddd":0,"ind":14,"ty":4,"nm":"形状图层 3","sr":1,"ks":{"o":{"a":0,"k":100,"ix":11},"r":{"a":0,"k":0,"ix":10},"p":{"a":1,"k":[{"i":{"x":0.833,"y":0.833},"o":{"x":0.167,"y":0.167},"n":"0p833_0p833_0p167_0p167","t":3,"s":[1144.075,784.781,0],"e":[1281.781,782.781,0],"to":[22.951042175293,-0.33333334326744,0],"ti":[-29.1177082061768,0.33333334326744,0]},{"i":{"x":0.833,"y":0.833},"o":{"x":0.167,"y":0.167},"n":"0p833_0p833_0p167_0p167","t":5,"s":[1281.781,782.781,0],"e":[1318.781,782.781,0],"to":[29.1177082061768,-0.33333334326744,0],"ti":[-6.16666650772095,0,0]},{"t":9}],"ix":2},"a":{"a":0,"k":[158.781,-319.219,0],"ix":1},"s":{"a":1,"k":[{"i":{"x":[0.833,0.833,0.833],"y":[0.833,0.833,0.833]},"o":{"x":[0.167,0.167,0.167],"y":[0.167,0.167,0.167]},"n":["0p833_0p833_0p167_0p167","0p833_0p833_0p167_0p167","0p833_0p833_0p167_0p167"],"t":3,"s":[120,120,100],"e":[173,173,100]},{"i":{"x":[0.833,0.833,0.833],"y":[0.833,0.833,0.833]},"o":{"x":[0.167,0.167,0.167],"y":[0.167,0.167,0.167]},"n":["0p833_0p833_0p167_0p167","0p833_0p833_0p167_0p167","0p833_0p833_0p167_0p167"],"t":5,"s":[173,173,100],"e":[0,0,100]},{"t":9}],"ix":6}},"ao":0,"shapes":[{"ty":"gr","it":[{"d":1,"ty":"el","s":{"a":0,"k":[37.562,37.562],"ix":2},"p":{"a":0,"k":[0,0],"ix":3},"nm":"椭圆路径 1","mn":"ADBE Vector Shape - Ellipse","hd":false},{"ty":"fl","c":{"a":0,"k":[1,0.403921568627,0,1],"ix":4},"o":{"a":0,"k":100,"ix":5},"r":1,"nm":"填充 1","mn":"ADBE Vector Graphic - Fill","hd":false},{"ty":"tr","p":{"a":0,"k":[158.781,-319.219],"ix":2},"a":{"a":0,"k":[0,0],"ix":1},"s":{"a":0,"k":[100,100],"ix":3},"r":{"a":0,"k":0,"ix":6},"o":{"a":0,"k":100,"ix":7},"sk":{"a":0,"k":0,"ix":4},"sa":{"a":0,"k":0,"ix":5},"nm":"变换"}],"nm":"椭圆 1","np":3,"cix":2,"ix":1,"mn":"ADBE Vector Group","hd":false}],"ip":0,"op":70,"st":0,"bm":0},{"ddd":0,"ind":15,"ty":4,"nm":"形状图层 1","sr":1,"ks":{"o":{"a":0,"k":100,"ix":11},"r":{"a":1,"k":[{"i":{"x":[0.833],"y":[0.833]},"o":{"x":[0.167],"y":[0.167]},"n":["0p833_0p833_0p167_0p167"],"t":10,"s":[0],"e":[180]},{"i":{"x":[0.833],"y":[0.833]},"o":{"x":[0.167],"y":[0.167]},"n":["0p833_0p833_0p167_0p167"],"t":11,"s":[180],"e":[180]},{"i":{"x":[0.833],"y":[0.833]},"o":{"x":[0.167],"y":[0.167]},"n":["0p833_0p833_0p167_0p167"],"t":20,"s":[180],"e":[0]},{"i":{"x":[0.833],"y":[0.833]},"o":{"x":[0.167],"y":[0.167]},"n":["0p833_0p833_0p167_0p167"],"t":21,"s":[0],"e":[0]},{"i":{"x":[0.833],"y":[0.833]},"o":{"x":[0.167],"y":[0.167]},"n":["0p833_0p833_0p167_0p167"],"t":24,"s":[0],"e":[0]},{"i":{"x":[0.833],"y":[0.833]},"o":{"x":[0.167],"y":[0.167]},"n":["0p833_0p833_0p167_0p167"],"t":26,"s":[0],"e":[0]},{"t":31}],"ix":10},"p":{"a":1,"k":[{"i":{"x":0.667,"y":1},"o":{"x":0.333,"y":0},"n":"0p667_1_0p333_0","t":0,"s":[1098,963,0],"e":[956,963,0],"to":[-23.6666660308838,0,0],"ti":[23.6666660308838,0,0]},{"i":{"x":0.667,"y":0.667},"o":{"x":0.333,"y":0.333},"n":"0p667_0p667_0p333_0p333","t":5,"s":[956,963,0],"e":[956,963,0],"to":[0,0,0],"ti":[0,0,0]},{"i":{"x":0.667,"y":1},"o":{"x":0.333,"y":0},"n":"0p667_1_0p333_0","t":10,"s":[956,963,0],"e":[1258,963,0],"to":[50.3333320617676,0,0],"ti":[-50.3333320617676,0,0]},{"i":{"x":0.667,"y":0.667},"o":{"x":0.333,"y":0.333},"n":"0p667_0p667_0p333_0p333","t":15,"s":[1258,963,0],"e":[1258,963,0],"to":[0,0,0],"ti":[0,0,0]},{"i":{"x":0.667,"y":1},"o":{"x":0.333,"y":0},"n":"0p667_1_0p333_0","t":20,"s":[1258,963,0],"e":[1098,963,0],"to":[-26.6666660308838,0,0],"ti":[26.6666660308838,0,0]},{"i":{"x":0.667,"y":0.667},"o":{"x":0.333,"y":0.333},"n":"0p667_0p667_0p333_0p333","t":24,"s":[1098,963,0],"e":[1098,963,0],"to":[0,0,0],"ti":[0,0,0]},{"i":{"x":0.3,"y":1},"o":{"x":0.333,"y":0},"n":"0p3_1_0p333_0","t":26,"s":[1098,963,0],"e":[1098,1114,0],"to":[0,25.1666660308838,0],"ti":[0,69.6666641235352,0]},{"i":{"x":0.405,"y":1},"o":{"x":0.603,"y":0},"n":"0p405_1_0p603_0","t":31,"s":[1098,1114,0],"e":[1098,545,0],"to":[0,-69.6666641235352,0],"ti":[0,94.8333358764648,0]},{"i":{"x":0.405,"y":0.405},"o":{"x":0.71,"y":0.71},"n":"0p405_0p405_0p71_0p71","t":38,"s":[1098,545,0],"e":[1098,545,0],"to":[0,0,0],"ti":[0,0,0]},{"i":{"x":0.372,"y":1},"o":{"x":0.71,"y":0},"n":"0p372_1_0p71_0","t":40,"s":[1098,545,0],"e":[1098,1071,0],"to":[0,87.6666641235352,0],"ti":[0,-69.5,0]},{"i":{"x":0.667,"y":1},"o":{"x":0.167,"y":0},"n":"0p667_1_0p167_0","t":47,"s":[1098,1071,0],"e":[1098,962,0],"to":[0,69.5,0],"ti":[0,18.1666660308838,0]},{"t":51}],"ix":2},"a":{"a":0,"k":[0,0,0],"ix":1},"s":{"a":1,"k":[{"i":{"x":[0.667,0.667,0.667],"y":[1,1,1]},"o":{"x":[0.333,0.333,0.333],"y":[0,0,0]},"n":["0p667_1_0p333_0","0p667_1_0p333_0","0p667_1_0p333_0"],"t":24,"s":[297,297,100],"e":[297,297,100]},{"i":{"x":[0.667,0.667,0.667],"y":[1,1,1]},"o":{"x":[0.333,0.333,0.333],"y":[0,0,0]},"n":["0p667_1_0p333_0","0p667_1_0p333_0","0p667_1_0p333_0"],"t":26,"s":[297,297,100],"e":[310,250,100]},{"i":{"x":[0.667,0.667,0.667],"y":[1,1,1]},"o":{"x":[0.333,0.333,0.333],"y":[0,0,0]},"n":["0p667_1_0p333_0","0p667_1_0p333_0","0p667_1_0p333_0"],"t":31,"s":[310,250,100],"e":[245.714,313,100]},{"i":{"x":[0.667,0.667,0.667],"y":[1,1,1]},"o":{"x":[0.333,0.333,0.333],"y":[0,0,0]},"n":["0p667_1_0p333_0","0p667_1_0p333_0","0p667_1_0p333_0"],"t":35,"s":[245.714,313,100],"e":[297,226,100]},{"i":{"x":[0.667,0.667,0.667],"y":[1,1,1]},"o":{"x":[0.333,0.333,0.333],"y":[0,0,0]},"n":["0p667_1_0p333_0","0p667_1_0p333_0","0p667_1_0p333_0"],"t":38,"s":[297,226,100],"e":[297,226,100]},{"i":{"x":[0.667,0.667,0.667],"y":[1,1,1]},"o":{"x":[0.333,0.333,0.333],"y":[0,0,0]},"n":["0p667_1_0p333_0","0p667_1_0p333_0","0p667_1_0p333_0"],"t":40,"s":[297,226,100],"e":[245.714,313,100]},{"i":{"x":[0.667,0.667,0.667],"y":[1,1,1]},"o":{"x":[0.333,0.333,0.333],"y":[0,0,0]},"n":["0p667_1_0p333_0","0p667_1_0p333_0","0p667_1_0p333_0"],"t":43,"s":[245.714,313,100],"e":[309,250,100]},{"i":{"x":[0.667,0.667,0.667],"y":[1,1,1]},"o":{"x":[0.333,0.333,0.333],"y":[0,0,0]},"n":["0p667_1_0p333_0","0p667_1_0p333_0","0p667_1_0p333_0"],"t":47,"s":[309,250,100],"e":[297,297,100]},{"t":51}],"ix":6}},"ao":0,"shapes":[{"ty":"gr","it":[{"ind":0,"ty":"sh","ix":1,"ks":{"a":1,"k":[{"i":{"x":0.833,"y":0.833},"o":{"x":0.167,"y":0.167},"n":"0p833_0p833_0p167_0p167","t":0,"s":[{"i":[[0,-3.375],[0.267,-2.498],[0.623,-2.711],[0.406,-1.373],[0.721,-1.845],[0.892,-1.805],[0.185,-0.358],[2.404,-3.188],[2.864,-2.712],[1.374,-1.119],[1.545,-1.066],[1.932,-1.082],[12.516,0],[0,39.028],[-39.028,0],[-7.004,-2.325],[-2.532,-1.194],[-2.112,-1.284],[-2.128,-1.653],[-1.694,-1.607],[-1.838,-2.228],[-2.271,-4.321],[-1.33,-4.597],[-0.468,-3.321]],"o":[[0,2.569],[-0.302,2.82],[-0.323,1.406],[-0.567,1.917],[-0.738,1.888],[-0.179,0.362],[-1.844,3.575],[-2.379,3.155],[-1.286,1.218],[-1.452,1.183],[-1.815,1.253],[-10.196,5.708],[-39.028,0],[0,-39.028],[7.784,0],[2.685,0.891],[2.249,1.061],[2.312,1.405],[1.846,1.434],[2.093,1.986],[3.082,3.735],[2.186,4.16],[0.913,3.156],[0.458,3.249]],"v":[[70.667,0],[70.262,7.603],[68.87,15.904],[67.775,20.073],[65.841,25.719],[63.393,31.262],[62.848,32.342],[56.461,42.503],[48.582,51.319],[44.59,54.825],[40.092,58.201],[34.469,61.705],[0,70.667],[-70.667,0],[0,-70.667],[22.278,-67.083],[30.109,-63.95],[36.653,-60.43],[43.318,-55.837],[48.631,-51.272],[54.535,-44.945],[62.594,-32.831],[67.893,-19.669],[69.972,-9.945]],"c":true}],"e":[{"i":[[0.754,-2.364],[0.241,-3.124],[-0.643,-1.952],[-1.401,-1.373],[0.577,-2.907],[0.919,-0.825],[0.309,-0.091],[2.122,-5.045],[-0.448,-2.16],[0.329,-1.834],[1.677,-1.875],[1.546,-0.865],[11.895,0],[0,39.028],[-39.028,0],[-5.622,-1.8],[-2.056,-3.04],[-0.57,-1.453],[-0.608,-1.196],[-0.555,-5.021],[-1.783,-1.183],[-2.46,-2.785],[-1.064,-5.436],[0.468,-2.382]],"o":[[-0.808,2.009],[-0.266,3.306],[0.205,0.932],[0.268,1.195],[-0.591,2.93],[-0.203,0.222],[-3.21,0.946],[-1.704,5.037],[-0.205,0.91],[-0.265,1.475],[-2.073,2.625],[-8.157,4.566],[-39.028,0],[0,-39.028],[7.784,0],[2.979,0.937],[1.828,2.789],[0.739,1.399],[-0.057,1.511],[2.62,2.399],[2.784,1.967],[2.336,2.666],[0.73,4.47],[-0.444,2.316]],"v":[[68.392,-2.975],[66.122,4.195],[69.452,11.736],[76.117,15.849],[77.486,22.931],[73.161,29.053],[61.46,31.054],[51.058,40.73],[50.323,49.785],[52.046,54.584],[50.198,59.375],[43.774,64.107],[0,70.667],[-70.667,0],[0,-70.667],[33.19,-68.221],[40.509,-63.038],[44.778,-56.466],[46.452,-52.337],[49.93,-42.354],[56.15,-36.509],[71.304,-29.439],[77.508,-19.905],[75.909,-9.164]],"c":true}]},{"i":{"x":0.833,"y":0.833},"o":{"x":0.167,"y":0.167},"n":"0p833_0p833_0p167_0p167","t":1,"s":[{"i":[[0.754,-2.364],[0.241,-3.124],[-0.643,-1.952],[-1.401,-1.373],[0.577,-2.907],[0.919,-0.825],[0.309,-0.091],[2.122,-5.045],[-0.448,-2.16],[0.329,-1.834],[1.677,-1.875],[1.546,-0.865],[11.895,0],[0,39.028],[-39.028,0],[-5.622,-1.8],[-2.056,-3.04],[-0.57,-1.453],[-0.608,-1.196],[-0.555,-5.021],[-1.783,-1.183],[-2.46,-2.785],[-1.064,-5.436],[0.468,-2.382]],"o":[[-0.808,2.009],[-0.266,3.306],[0.205,0.932],[0.268,1.195],[-0.591,2.93],[-0.203,0.222],[-3.21,0.946],[-1.704,5.037],[-0.205,0.91],[-0.265,1.475],[-2.073,2.625],[-8.157,4.566],[-39.028,0],[0,-39.028],[7.784,0],[2.979,0.937],[1.828,2.789],[0.739,1.399],[-0.057,1.511],[2.62,2.399],[2.784,1.967],[2.336,2.666],[0.73,4.47],[-0.444,2.316]],"v":[[68.392,-2.975],[66.122,4.195],[69.452,11.736],[76.117,15.849],[77.486,22.931],[73.161,29.053],[61.46,31.054],[51.058,40.73],[50.323,49.785],[52.046,54.584],[50.198,59.375],[43.774,64.107],[0,70.667],[-70.667,0],[0,-70.667],[33.19,-68.221],[40.509,-63.038],[44.778,-56.466],[46.452,-52.337],[49.93,-42.354],[56.15,-36.509],[71.304,-29.439],[77.508,-19.905],[75.909,-9.164]],"c":true}],"e":[{"i":[[1.131,-1.858],[0.227,-3.437],[-1.276,-1.572],[-2.305,-1.374],[0.505,-3.437],[0.933,-0.335],[0.21,-0.153],[1.981,-5.974],[-1.132,-1.705],[0.577,-1.253],[1.302,-3.122],[1.353,-0.757],[11.584,0],[0,39.028],[-39.028,0],[-4.931,-1.537],[-1.818,-3.963],[0.201,-1.538],[0.153,-0.967],[-3.517,-5.105],[-1.755,-0.66],[-2.555,-2.018],[-0.931,-5.855],[0.935,-1.912]],"o":[[-1.212,1.73],[-0.249,3.549],[0.47,0.696],[0.685,0.833],[-0.517,3.451],[-0.215,0.153],[-2.158,1.546],[-1.367,5.978],[0.335,0.756],[-0.568,1.092],[-1.581,3.627],[-7.138,3.996],[-39.028,0],[0,-39.028],[7.784,0],[3.126,0.96],[1.617,3.653],[-0.047,1.396],[-1.009,1.549],[2.883,2.605],[2.635,1.082],[2.411,1.92],[0.639,5.127],[-0.895,1.85]],"v":[[67.629,-3.088],[64.678,3.991],[68.493,11.277],[79.663,15.236],[81.433,22.161],[76.67,28.199],[60.267,30.284],[48.356,39.843],[50.569,50.143],[54.899,53.589],[54.75,59.212],[48.426,65.309],[0,70.667],[-70.667,0],[0,-70.667],[38.646,-68.79],[47.084,-62.956],[48.716,-55.109],[45.769,-50.587],[47.204,-36.52],[54.582,-31.916],[79.159,-28.368],[85.315,-19.648],[83.127,-9.149]],"c":true}]},{"i":{"x":0.833,"y":0.833},"o":{"x":0.167,"y":0.167},"n":"0p833_0p833_0p167_0p167","t":2,"s":[{"i":[[1.131,-1.858],[0.227,-3.437],[-1.276,-1.572],[-2.305,-1.374],[0.505,-3.437],[0.933,-0.335],[0.21,-0.153],[1.981,-5.974],[-1.132,-1.705],[0.577,-1.253],[1.302,-3.122],[1.353,-0.757],[11.584,0],[0,39.028],[-39.028,0],[-4.931,-1.537],[-1.818,-3.963],[0.201,-1.538],[0.153,-0.967],[-3.517,-5.105],[-1.755,-0.66],[-2.555,-2.018],[-0.931,-5.855],[0.935,-1.912]],"o":[[-1.212,1.73],[-0.249,3.549],[0.47,0.696],[0.685,0.833],[-0.517,3.451],[-0.215,0.153],[-2.158,1.546],[-1.367,5.978],[0.335,0.756],[-0.568,1.092],[-1.581,3.627],[-7.138,3.996],[-39.028,0],[0,-39.028],[7.784,0],[3.126,0.96],[1.617,3.653],[-0.047,1.396],[-1.009,1.549],[2.883,2.605],[2.635,1.082],[2.411,1.92],[0.639,5.127],[-0.895,1.85]],"v":[[67.629,-3.088],[64.678,3.991],[68.493,11.277],[79.663,15.236],[81.433,22.161],[76.67,28.199],[60.267,30.284],[48.356,39.843],[50.569,50.143],[54.899,53.589],[54.75,59.212],[48.426,65.309],[0,70.667],[-70.667,0],[0,-70.667],[38.646,-68.79],[47.084,-62.956],[48.716,-55.109],[45.769,-50.587],[47.204,-36.52],[54.582,-31.916],[79.159,-28.368],[85.315,-19.648],[83.127,-9.149]],"c":true}],"e":[{"i":[[1.508,-1.352],[0.214,-3.75],[-1.909,-1.193],[-3.208,-1.374],[0.433,-3.968],[0.946,0.156],[0.111,-0.215],[1.84,-6.903],[-1.815,-1.25],[0.825,-0.671],[0.927,-4.369],[1.159,-0.649],[11.274,0],[0,39.028],[-39.028,0],[-4.24,-1.274],[-1.58,-4.886],[0.972,-1.623],[0.913,-0.739],[-6.478,-5.188],[-1.727,-0.138],[-2.649,-1.25],[-0.798,-6.275],[1.403,-1.443]],"o":[[-1.617,1.45],[-0.231,3.792],[0.734,0.459],[1.103,0.472],[-0.443,3.972],[-0.228,0.083],[-1.106,2.145],[-1.03,6.919],[0.875,0.603],[-0.871,0.71],[-1.089,4.629],[-6.118,3.425],[-39.028,0],[0,-39.028],[7.784,0],[3.272,0.983],[1.406,4.516],[-0.834,1.393],[-1.961,1.587],[3.147,2.812],[2.486,0.198],[2.486,1.173],[0.548,5.784],[-1.345,1.384]],"v":[[66.867,-3.2],[63.233,3.787],[67.534,10.818],[83.208,14.624],[85.381,21.392],[80.179,27.344],[59.073,29.515],[45.655,38.956],[50.815,50.5],[57.752,52.593],[59.303,59.049],[53.079,66.51],[0,70.667],[-70.667,0],[0,-70.667],[44.103,-69.358],[53.659,-62.875],[52.653,-53.752],[45.086,-48.837],[44.478,-30.687],[53.014,-27.323],[87.014,-27.298],[93.123,-19.391],[90.345,-9.134]],"c":true}]},{"i":{"x":0.833,"y":0.833},"o":{"x":0.167,"y":0.167},"n":"0p833_0p833_0p167_0p167","t":3,"s":[{"i":[[1.508,-1.352],[0.214,-3.75],[-1.909,-1.193],[-3.208,-1.374],[0.433,-3.968],[0.946,0.156],[0.111,-0.215],[1.84,-6.903],[-1.815,-1.25],[0.825,-0.671],[0.927,-4.369],[1.159,-0.649],[11.274,0],[0,39.028],[-39.028,0],[-4.24,-1.274],[-1.58,-4.886],[0.972,-1.623],[0.913,-0.739],[-6.478,-5.188],[-1.727,-0.138],[-2.649,-1.25],[-0.798,-6.275],[1.403,-1.443]],"o":[[-1.617,1.45],[-0.231,3.792],[0.734,0.459],[1.103,0.472],[-0.443,3.972],[-0.228,0.083],[-1.106,2.145],[-1.03,6.919],[0.875,0.603],[-0.871,0.71],[-1.089,4.629],[-6.118,3.425],[-39.028,0],[0,-39.028],[7.784,0],[3.272,0.983],[1.406,4.516],[-0.834,1.393],[-1.961,1.587],[3.147,2.812],[2.486,0.198],[2.486,1.173],[0.548,5.784],[-1.345,1.384]],"v":[[66.867,-3.2],[63.233,3.787],[67.534,10.818],[83.208,14.624],[85.381,21.392],[80.179,27.344],[59.073,29.515],[45.655,38.956],[50.815,50.5],[57.752,52.593],[59.303,59.049],[53.079,66.51],[0,70.667],[-70.667,0],[0,-70.667],[44.103,-69.358],[53.659,-62.875],[52.653,-53.752],[45.086,-48.837],[44.478,-30.687],[53.014,-27.323],[87.014,-27.298],[93.123,-19.391],[90.345,-9.134]],"c":true}],"e":[{"i":[[0,0],[0.134,-5.629],[0,0],[0,0],[0,-7.151],[0,0],[0,0],[0.995,-12.476],[0,0],[0,0],[0,-9.322],[0,0],[9.41,0],[0,39.028],[-39.028,0],[0,0],[-0.152,-10.424],[0,0],[0,0],[0.175,-8.814],[0,0],[0,0],[0,-8.791],[0,0]],"o":[[0,0],[-0.125,5.25],[0,0],[0,0],[0,7.099],[0,0],[0,0],[-0.946,11.864],[0,0],[0,0],[0,9.694],[0,0],[-39.028,0],[0,-39.028],[7.784,0],[0,0],[0.141,9.7],[0,0],[0,0],[-0.178,8.934],[0,0],[0,0],[0,9.725],[0,0]],"v":[[61.167,-8],[56.125,-1],[62.092,6.312],[106.358,7.076],[111.879,14.901],[105.357,21.469],[53.411,21.838],[36.946,34.886],[47.604,48.648],[75.931,50.182],[84.682,59.697],[76.931,69.343],[0,70.667],[-70.667,0],[0,-70.667],[77.778,-70.583],[88.359,-59.7],[77.903,-49.36],[46.693,-48.962],[39.178,-39.184],[47.225,-29.953],[123.644,-28.998],[130.967,-18.975],[124.03,-9.479]],"c":true}]},{"i":{"x":0.833,"y":0.833},"o":{"x":0.167,"y":0.167},"n":"0p833_0p833_0p167_0p167","t":5,"s":[{"i":[[0,0],[0.134,-5.629],[0,0],[0,0],[0,-7.151],[0,0],[0,0],[0.995,-12.476],[0,0],[0,0],[0,-9.322],[0,0],[9.41,0],[0,39.028],[-39.028,0],[0,0],[-0.152,-10.424],[0,0],[0,0],[0.175,-8.814],[0,0],[0,0],[0,-8.791],[0,0]],"o":[[0,0],[-0.125,5.25],[0,0],[0,0],[0,7.099],[0,0],[0,0],[-0.946,11.864],[0,0],[0,0],[0,9.694],[0,0],[-39.028,0],[0,-39.028],[7.784,0],[0,0],[0.141,9.7],[0,0],[0,0],[-0.178,8.934],[0,0],[0,0],[0,9.725],[0,0]],"v":[[61.167,-8],[56.125,-1],[62.092,6.312],[106.358,7.076],[111.879,14.901],[105.357,21.469],[53.411,21.838],[36.946,34.886],[47.604,48.648],[75.931,50.182],[84.682,59.697],[76.931,69.343],[0,70.667],[-70.667,0],[0,-70.667],[77.778,-70.583],[88.359,-59.7],[77.903,-49.36],[46.693,-48.962],[39.178,-39.184],[47.225,-29.953],[123.644,-28.998],[130.967,-18.975],[124.03,-9.479]],"c":true}],"e":[{"i":[[0,0],[0.134,-5.629],[0,0],[0,0],[0,-7.151],[0,0],[0,0],[0.995,-12.476],[0,0],[0,0],[0,-9.322],[0,0],[9.41,0],[0,39.028],[-39.028,0],[0,0],[-1.827,-8.313],[0,0],[2.569,-1.611],[0.216,-4.923],[-3.676,-0.768],[0,0],[-0.236,-6.955],[0,0]],"o":[[0,0],[-0.125,5.25],[0,0],[0,0],[0,7.099],[0,0],[0,0],[-0.946,11.864],[0,0],[0,0],[0,9.694],[0,0],[-39.028,0],[0,-39.028],[7.784,0],[0,0],[2.082,9.475],[0,0],[-2.874,1.802],[-0.259,5.899],[7.994,1.67],[0,0],[0.346,10.221],[0,0]],"v":[[65.544,-6.99],[59.829,0.347],[65.796,5.976],[70.668,7.076],[76.862,14.565],[69.33,21.469],[53.411,21.838],[36.946,34.886],[47.604,48.648],[52.026,49.172],[63.47,60.708],[49.321,71.363],[0,70.667],[-70.667,0],[0,-70.667],[54.209,-69.237],[64.116,-60.71],[53.324,-50.033],[46.019,-49.299],[40.525,-40.194],[48.909,-32.31],[79.199,-29.335],[90.563,-20.659],[80.259,-9.479]],"c":true}]},{"i":{"x":0.833,"y":0.833},"o":{"x":0.167,"y":0.167},"n":"0p833_0p833_0p167_0p167","t":8,"s":[{"i":[[0,0],[0.134,-5.629],[0,0],[0,0],[0,-7.151],[0,0],[0,0],[0.995,-12.476],[0,0],[0,0],[0,-9.322],[0,0],[9.41,0],[0,39.028],[-39.028,0],[0,0],[-1.827,-8.313],[0,0],[2.569,-1.611],[0.216,-4.923],[-3.676,-0.768],[0,0],[-0.236,-6.955],[0,0]],"o":[[0,0],[-0.125,5.25],[0,0],[0,0],[0,7.099],[0,0],[0,0],[-0.946,11.864],[0,0],[0,0],[0,9.694],[0,0],[-39.028,0],[0,-39.028],[7.784,0],[0,0],[2.082,9.475],[0,0],[-2.874,1.802],[-0.259,5.899],[7.994,1.67],[0,0],[0.346,10.221],[0,0]],"v":[[65.544,-6.99],[59.829,0.347],[65.796,5.976],[70.668,7.076],[76.862,14.565],[69.33,21.469],[53.411,21.838],[36.946,34.886],[47.604,48.648],[52.026,49.172],[63.47,60.708],[49.321,71.363],[0,70.667],[-70.667,0],[0,-70.667],[54.209,-69.237],[64.116,-60.71],[53.324,-50.033],[46.019,-49.299],[40.525,-40.194],[48.909,-32.31],[79.199,-29.335],[90.563,-20.659],[80.259,-9.479]],"c":true}],"e":[{"i":[[0.754,-2.364],[0.241,-3.124],[-0.643,-1.952],[-1.401,-1.373],[0.577,-2.907],[0.919,-0.825],[0.309,-0.091],[2.122,-5.045],[-0.448,-2.16],[0.329,-1.834],[1.677,-1.875],[1.546,-0.865],[11.895,0],[0,39.028],[-39.028,0],[-5.622,-1.8],[-2.056,-3.04],[-0.57,-1.453],[-0.608,-1.196],[-0.555,-5.021],[-1.783,-1.183],[-2.46,-2.785],[-1.064,-5.436],[0.468,-2.382]],"o":[[-0.808,2.009],[-0.266,3.306],[0.205,0.932],[0.268,1.195],[-0.591,2.93],[-0.203,0.222],[-3.21,0.946],[-1.704,5.037],[-0.205,0.91],[-0.265,1.475],[-2.073,2.625],[-8.157,4.566],[-39.028,0],[0,-39.028],[7.784,0],[2.979,0.937],[1.828,2.789],[0.739,1.399],[-0.057,1.511],[2.62,2.399],[2.784,1.967],[2.336,2.666],[0.73,4.47],[-0.444,2.316]],"v":[[68.392,-2.975],[66.122,4.195],[69.452,11.736],[76.117,15.849],[77.486,22.931],[73.161,29.053],[61.46,31.054],[51.058,40.73],[50.323,49.785],[52.046,54.584],[50.198,59.375],[43.774,64.107],[0,70.667],[-70.667,0],[0,-70.667],[33.19,-68.221],[40.509,-63.038],[44.778,-56.466],[46.452,-52.337],[49.93,-42.354],[56.15,-36.509],[71.304,-29.439],[77.508,-19.905],[75.909,-9.164]],"c":true}]},{"i":{"x":0.833,"y":0.833},"o":{"x":0.167,"y":0.167},"n":"0p833_0p833_0p167_0p167","t":9,"s":[{"i":[[0.754,-2.364],[0.241,-3.124],[-0.643,-1.952],[-1.401,-1.373],[0.577,-2.907],[0.919,-0.825],[0.309,-0.091],[2.122,-5.045],[-0.448,-2.16],[0.329,-1.834],[1.677,-1.875],[1.546,-0.865],[11.895,0],[0,39.028],[-39.028,0],[-5.622,-1.8],[-2.056,-3.04],[-0.57,-1.453],[-0.608,-1.196],[-0.555,-5.021],[-1.783,-1.183],[-2.46,-2.785],[-1.064,-5.436],[0.468,-2.382]],"o":[[-0.808,2.009],[-0.266,3.306],[0.205,0.932],[0.268,1.195],[-0.591,2.93],[-0.203,0.222],[-3.21,0.946],[-1.704,5.037],[-0.205,0.91],[-0.265,1.475],[-2.073,2.625],[-8.157,4.566],[-39.028,0],[0,-39.028],[7.784,0],[2.979,0.937],[1.828,2.789],[0.739,1.399],[-0.057,1.511],[2.62,2.399],[2.784,1.967],[2.336,2.666],[0.73,4.47],[-0.444,2.316]],"v":[[68.392,-2.975],[66.122,4.195],[69.452,11.736],[76.117,15.849],[77.486,22.931],[73.161,29.053],[61.46,31.054],[51.058,40.73],[50.323,49.785],[52.046,54.584],[50.198,59.375],[43.774,64.107],[0,70.667],[-70.667,0],[0,-70.667],[33.19,-68.221],[40.509,-63.038],[44.778,-56.466],[46.452,-52.337],[49.93,-42.354],[56.15,-36.509],[71.304,-29.439],[77.508,-19.905],[75.909,-9.164]],"c":true}],"e":[{"i":[[0,-3.375],[0.267,-2.498],[0.623,-2.711],[0.406,-1.373],[0.721,-1.845],[0.892,-1.805],[0.185,-0.358],[2.404,-3.188],[2.864,-2.712],[1.374,-1.119],[1.545,-1.066],[1.932,-1.082],[12.516,0],[0,39.028],[-39.028,0],[-7.004,-2.325],[-2.532,-1.194],[-2.112,-1.284],[-2.128,-1.653],[-1.694,-1.607],[-1.838,-2.228],[-2.271,-4.321],[-1.33,-4.597],[-0.468,-3.321]],"o":[[0,2.569],[-0.302,2.82],[-0.323,1.406],[-0.567,1.917],[-0.738,1.888],[-0.179,0.362],[-1.844,3.575],[-2.379,3.155],[-1.286,1.218],[-1.452,1.183],[-1.815,1.253],[-10.196,5.708],[-39.028,0],[0,-39.028],[7.784,0],[2.685,0.891],[2.249,1.061],[2.312,1.405],[1.846,1.434],[2.093,1.986],[3.082,3.735],[2.186,4.16],[0.913,3.156],[0.458,3.249]],"v":[[70.667,0],[70.262,7.603],[68.87,15.904],[67.775,20.073],[65.841,25.719],[63.393,31.262],[62.848,32.342],[56.461,42.503],[48.582,51.319],[44.59,54.825],[40.092,58.201],[34.469,61.705],[0,70.667],[-70.667,0],[0,-70.667],[22.278,-67.083],[30.109,-63.95],[36.653,-60.43],[43.318,-55.837],[48.631,-51.272],[54.535,-44.945],[62.594,-32.831],[67.893,-19.669],[69.972,-9.945]],"c":true}]},{"i":{"x":0.833,"y":0.833},"o":{"x":0.167,"y":0.167},"n":"0p833_0p833_0p167_0p167","t":10,"s":[{"i":[[0,-3.375],[0.267,-2.498],[0.623,-2.711],[0.406,-1.373],[0.721,-1.845],[0.892,-1.805],[0.185,-0.358],[2.404,-3.188],[2.864,-2.712],[1.374,-1.119],[1.545,-1.066],[1.932,-1.082],[12.516,0],[0,39.028],[-39.028,0],[-7.004,-2.325],[-2.532,-1.194],[-2.112,-1.284],[-2.128,-1.653],[-1.694,-1.607],[-1.838,-2.228],[-2.271,-4.321],[-1.33,-4.597],[-0.468,-3.321]],"o":[[0,2.569],[-0.302,2.82],[-0.323,1.406],[-0.567,1.917],[-0.738,1.888],[-0.179,0.362],[-1.844,3.575],[-2.379,3.155],[-1.286,1.218],[-1.452,1.183],[-1.815,1.253],[-10.196,5.708],[-39.028,0],[0,-39.028],[7.784,0],[2.685,0.891],[2.249,1.061],[2.312,1.405],[1.846,1.434],[2.093,1.986],[3.082,3.735],[2.186,4.16],[0.913,3.156],[0.458,3.249]],"v":[[70.667,0],[70.262,7.603],[68.87,15.904],[67.775,20.073],[65.841,25.719],[63.393,31.262],[62.848,32.342],[56.461,42.503],[48.582,51.319],[44.59,54.825],[40.092,58.201],[34.469,61.705],[0,70.667],[-70.667,0],[0,-70.667],[22.278,-67.083],[30.109,-63.95],[36.653,-60.43],[43.318,-55.837],[48.631,-51.272],[54.535,-44.945],[62.594,-32.831],[67.893,-19.669],[69.972,-9.945]],"c":true}],"e":[{"i":[[0.754,-2.364],[0.241,-3.124],[-0.643,-1.952],[-1.401,-1.373],[0.577,-2.907],[0.919,-0.825],[0.309,-0.091],[2.122,-5.045],[-0.448,-2.16],[0.329,-1.834],[1.677,-1.875],[1.546,-0.865],[11.895,0],[0,39.028],[-39.028,0],[-5.622,-1.8],[-2.056,-3.04],[-0.57,-1.453],[-0.608,-1.196],[-0.555,-5.021],[-1.783,-1.183],[-2.46,-2.785],[-1.064,-5.436],[0.468,-2.382]],"o":[[-0.808,2.009],[-0.266,3.306],[0.205,0.932],[0.268,1.195],[-0.591,2.93],[-0.203,0.222],[-3.21,0.946],[-1.704,5.037],[-0.205,0.91],[-0.265,1.475],[-2.073,2.625],[-8.157,4.566],[-39.028,0],[0,-39.028],[7.784,0],[2.979,0.937],[1.828,2.789],[0.739,1.399],[-0.057,1.511],[2.62,2.399],[2.784,1.967],[2.336,2.666],[0.73,4.47],[-0.444,2.316]],"v":[[68.392,-2.975],[66.122,4.195],[69.452,11.736],[76.117,15.849],[77.486,22.931],[73.161,29.053],[61.46,31.054],[51.058,40.73],[50.323,49.785],[52.046,54.584],[50.198,59.375],[43.774,64.107],[0,70.667],[-70.667,0],[0,-70.667],[33.19,-68.221],[40.509,-63.038],[44.778,-56.466],[46.452,-52.337],[49.93,-42.354],[56.15,-36.509],[71.304,-29.439],[77.508,-19.905],[75.909,-9.164]],"c":true}]},{"i":{"x":0.833,"y":0.833},"o":{"x":0.167,"y":0.167},"n":"0p833_0p833_0p167_0p167","t":11,"s":[{"i":[[0.754,-2.364],[0.241,-3.124],[-0.643,-1.952],[-1.401,-1.373],[0.577,-2.907],[0.919,-0.825],[0.309,-0.091],[2.122,-5.045],[-0.448,-2.16],[0.329,-1.834],[1.677,-1.875],[1.546,-0.865],[11.895,0],[0,39.028],[-39.028,0],[-5.622,-1.8],[-2.056,-3.04],[-0.57,-1.453],[-0.608,-1.196],[-0.555,-5.021],[-1.783,-1.183],[-2.46,-2.785],[-1.064,-5.436],[0.468,-2.382]],"o":[[-0.808,2.009],[-0.266,3.306],[0.205,0.932],[0.268,1.195],[-0.591,2.93],[-0.203,0.222],[-3.21,0.946],[-1.704,5.037],[-0.205,0.91],[-0.265,1.475],[-2.073,2.625],[-8.157,4.566],[-39.028,0],[0,-39.028],[7.784,0],[2.979,0.937],[1.828,2.789],[0.739,1.399],[-0.057,1.511],[2.62,2.399],[2.784,1.967],[2.336,2.666],[0.73,4.47],[-0.444,2.316]],"v":[[68.392,-2.975],[66.122,4.195],[69.452,11.736],[76.117,15.849],[77.486,22.931],[73.161,29.053],[61.46,31.054],[51.058,40.73],[50.323,49.785],[52.046,54.584],[50.198,59.375],[43.774,64.107],[0,70.667],[-70.667,0],[0,-70.667],[33.19,-68.221],[40.509,-63.038],[44.778,-56.466],[46.452,-52.337],[49.93,-42.354],[56.15,-36.509],[71.304,-29.439],[77.508,-19.905],[75.909,-9.164]],"c":true}],"e":[{"i":[[1.508,-1.352],[0.214,-3.75],[-1.909,-1.193],[-3.208,-1.374],[0.433,-3.968],[0.946,0.156],[0.111,-0.215],[1.84,-6.903],[-1.815,-1.25],[0.825,-0.671],[0.927,-4.369],[1.159,-0.649],[11.274,0],[0,39.028],[-39.028,0],[-4.24,-1.274],[-1.58,-4.886],[0.972,-1.623],[0.913,-0.739],[-6.478,-5.188],[-1.727,-0.138],[-2.649,-1.25],[-0.798,-6.275],[1.403,-1.443]],"o":[[-1.617,1.45],[-0.231,3.792],[0.734,0.459],[1.103,0.472],[-0.443,3.972],[-0.228,0.083],[-1.106,2.145],[-1.03,6.919],[0.875,0.603],[-0.871,0.71],[-1.089,4.629],[-6.118,3.425],[-39.028,0],[0,-39.028],[7.784,0],[3.272,0.983],[1.406,4.516],[-0.834,1.393],[-1.961,1.587],[3.147,2.812],[2.486,0.198],[2.486,1.173],[0.548,5.784],[-1.345,1.384]],"v":[[66.867,-3.2],[63.233,3.787],[67.534,10.818],[83.208,14.624],[85.381,21.392],[80.179,27.344],[59.073,29.515],[45.655,38.956],[50.815,50.5],[57.752,52.593],[59.303,59.049],[53.079,66.51],[0,70.667],[-70.667,0],[0,-70.667],[44.103,-69.358],[53.659,-62.875],[52.653,-53.752],[45.086,-48.837],[44.478,-30.687],[53.014,-27.323],[87.014,-27.298],[93.123,-19.391],[90.345,-9.134]],"c":true}]},{"i":{"x":0.833,"y":0.833},"o":{"x":0.167,"y":0.167},"n":"0p833_0p833_0p167_0p167","t":13,"s":[{"i":[[1.508,-1.352],[0.214,-3.75],[-1.909,-1.193],[-3.208,-1.374],[0.433,-3.968],[0.946,0.156],[0.111,-0.215],[1.84,-6.903],[-1.815,-1.25],[0.825,-0.671],[0.927,-4.369],[1.159,-0.649],[11.274,0],[0,39.028],[-39.028,0],[-4.24,-1.274],[-1.58,-4.886],[0.972,-1.623],[0.913,-0.739],[-6.478,-5.188],[-1.727,-0.138],[-2.649,-1.25],[-0.798,-6.275],[1.403,-1.443]],"o":[[-1.617,1.45],[-0.231,3.792],[0.734,0.459],[1.103,0.472],[-0.443,3.972],[-0.228,0.083],[-1.106,2.145],[-1.03,6.919],[0.875,0.603],[-0.871,0.71],[-1.089,4.629],[-6.118,3.425],[-39.028,0],[0,-39.028],[7.784,0],[3.272,0.983],[1.406,4.516],[-0.834,1.393],[-1.961,1.587],[3.147,2.812],[2.486,0.198],[2.486,1.173],[0.548,5.784],[-1.345,1.384]],"v":[[66.867,-3.2],[63.233,3.787],[67.534,10.818],[83.208,14.624],[85.381,21.392],[80.179,27.344],[59.073,29.515],[45.655,38.956],[50.815,50.5],[57.752,52.593],[59.303,59.049],[53.079,66.51],[0,70.667],[-70.667,0],[0,-70.667],[44.103,-69.358],[53.659,-62.875],[52.653,-53.752],[45.086,-48.837],[44.478,-30.687],[53.014,-27.323],[87.014,-27.298],[93.123,-19.391],[90.345,-9.134]],"c":true}],"e":[{"i":[[0,0],[0.134,-5.629],[0,0],[0,0],[0,-7.151],[0,0],[0,0],[0.995,-12.476],[0,0],[0,0],[0,-9.322],[0,0],[9.41,0],[0,39.028],[-39.028,0],[0,0],[-0.152,-10.424],[0,0],[0,0],[0.175,-8.814],[0,0],[0,0],[0,-8.791],[0,0]],"o":[[0,0],[-0.125,5.25],[0,0],[0,0],[0,7.099],[0,0],[0,0],[-0.946,11.864],[0,0],[0,0],[0,9.694],[0,0],[-39.028,0],[0,-39.028],[7.784,0],[0,0],[0.141,9.7],[0,0],[0,0],[-0.178,8.934],[0,0],[0,0],[0,9.725],[0,0]],"v":[[61.167,-8],[56.125,-1],[62.092,6.312],[106.358,7.076],[111.879,14.901],[105.357,21.469],[53.411,21.838],[36.946,34.886],[47.604,48.648],[75.931,50.182],[84.682,59.697],[76.931,69.343],[0,70.667],[-70.667,0],[0,-70.667],[77.778,-70.583],[88.359,-59.7],[77.903,-49.36],[46.693,-48.962],[39.178,-39.184],[47.225,-29.953],[123.644,-28.998],[130.967,-18.975],[124.03,-9.479]],"c":true}]},{"i":{"x":0.833,"y":0.833},"o":{"x":0.167,"y":0.167},"n":"0p833_0p833_0p167_0p167","t":15,"s":[{"i":[[0,0],[0.134,-5.629],[0,0],[0,0],[0,-7.151],[0,0],[0,0],[0.995,-12.476],[0,0],[0,0],[0,-9.322],[0,0],[9.41,0],[0,39.028],[-39.028,0],[0,0],[-0.152,-10.424],[0,0],[0,0],[0.175,-8.814],[0,0],[0,0],[0,-8.791],[0,0]],"o":[[0,0],[-0.125,5.25],[0,0],[0,0],[0,7.099],[0,0],[0,0],[-0.946,11.864],[0,0],[0,0],[0,9.694],[0,0],[-39.028,0],[0,-39.028],[7.784,0],[0,0],[0.141,9.7],[0,0],[0,0],[-0.178,8.934],[0,0],[0,0],[0,9.725],[0,0]],"v":[[61.167,-8],[56.125,-1],[62.092,6.312],[106.358,7.076],[111.879,14.901],[105.357,21.469],[53.411,21.838],[36.946,34.886],[47.604,48.648],[75.931,50.182],[84.682,59.697],[76.931,69.343],[0,70.667],[-70.667,0],[0,-70.667],[77.778,-70.583],[88.359,-59.7],[77.903,-49.36],[46.693,-48.962],[39.178,-39.184],[47.225,-29.953],[123.644,-28.998],[130.967,-18.975],[124.03,-9.479]],"c":true}],"e":[{"i":[[0,0],[0.134,-5.629],[0,0],[0,0],[0,-7.151],[0,0],[4.165,-2.814],[-0.497,-7.776],[-4.338,-3.193],[0,0],[0,-9.322],[0,0],[9.41,0],[0,39.028],[-39.028,0],[0,0],[-1.827,-8.313],[0,0],[2.569,-1.611],[0.216,-4.923],[-3.676,-0.768],[0,0],[-0.236,-6.955],[0,0]],"o":[[0,0],[-0.125,5.25],[0,0],[0,0],[0,7.099],[0,0],[-3.038,2.053],[0.428,6.697],[1.692,1.246],[0,0],[0,9.694],[0,0],[-39.028,0],[0,-39.028],[7.784,0],[0,0],[2.082,9.475],[0,0],[-2.874,1.802],[-0.259,5.899],[7.994,1.67],[0,0],[0.346,10.221],[0,0]],"v":[[65.544,-6.99],[59.829,0.347],[65.796,5.976],[70.668,7.076],[76.862,14.565],[69.33,21.469],[49.875,24.026],[44.353,37.243],[50.129,48.479],[55.898,51.024],[63.47,60.708],[49.321,71.363],[0,70.667],[-70.667,0],[0,-70.667],[54.209,-69.237],[64.116,-60.71],[56.691,-50.875],[47.03,-48.289],[42.713,-40.194],[52.444,-31.468],[79.199,-29.335],[90.563,-20.659],[80.259,-9.479]],"c":true}]},{"i":{"x":0.833,"y":0.833},"o":{"x":0.167,"y":0.167},"n":"0p833_0p833_0p167_0p167","t":18,"s":[{"i":[[0,0],[0.134,-5.629],[0,0],[0,0],[0,-7.151],[0,0],[4.165,-2.814],[-0.497,-7.776],[-4.338,-3.193],[0,0],[0,-9.322],[0,0],[9.41,0],[0,39.028],[-39.028,0],[0,0],[-1.827,-8.313],[0,0],[2.569,-1.611],[0.216,-4.923],[-3.676,-0.768],[0,0],[-0.236,-6.955],[0,0]],"o":[[0,0],[-0.125,5.25],[0,0],[0,0],[0,7.099],[0,0],[-3.038,2.053],[0.428,6.697],[1.692,1.246],[0,0],[0,9.694],[0,0],[-39.028,0],[0,-39.028],[7.784,0],[0,0],[2.082,9.475],[0,0],[-2.874,1.802],[-0.259,5.899],[7.994,1.67],[0,0],[0.346,10.221],[0,0]],"v":[[65.544,-6.99],[59.829,0.347],[65.796,5.976],[70.668,7.076],[76.862,14.565],[69.33,21.469],[49.875,24.026],[44.353,37.243],[50.129,48.479],[55.898,51.024],[63.47,60.708],[49.321,71.363],[0,70.667],[-70.667,0],[0,-70.667],[54.209,-69.237],[64.116,-60.71],[56.691,-50.875],[47.03,-48.289],[42.713,-40.194],[52.444,-31.468],[79.199,-29.335],[90.563,-20.659],[80.259,-9.479]],"c":true}],"e":[{"i":[[0.754,-2.364],[0.241,-3.124],[-0.643,-1.952],[-1.401,-1.373],[0.577,-2.907],[0.919,-0.825],[0.309,-0.091],[2.122,-5.045],[-0.448,-2.16],[0.329,-1.834],[1.677,-1.875],[1.546,-0.865],[11.895,0],[0,39.028],[-39.028,0],[-5.622,-1.8],[-2.056,-3.04],[-0.57,-1.453],[-0.608,-1.196],[-0.555,-5.021],[-1.783,-1.183],[-2.46,-2.785],[-1.064,-5.436],[0.468,-2.382]],"o":[[-0.808,2.009],[-0.266,3.306],[0.205,0.932],[0.268,1.195],[-0.591,2.93],[-0.203,0.222],[-3.21,0.946],[-1.704,5.037],[-0.205,0.91],[-0.265,1.475],[-2.073,2.625],[-8.157,4.566],[-39.028,0],[0,-39.028],[7.784,0],[2.979,0.937],[1.828,2.789],[0.739,1.399],[-0.057,1.511],[2.62,2.399],[2.784,1.967],[2.336,2.666],[0.73,4.47],[-0.444,2.316]],"v":[[68.392,-2.975],[66.122,4.195],[69.452,11.736],[76.117,15.849],[77.486,22.931],[73.161,29.053],[61.46,31.054],[51.058,40.73],[50.323,49.785],[52.046,54.584],[50.198,59.375],[43.774,64.107],[0,70.667],[-70.667,0],[0,-70.667],[33.19,-68.221],[40.509,-63.038],[44.778,-56.466],[46.452,-52.337],[49.93,-42.354],[56.15,-36.509],[71.304,-29.439],[77.508,-19.905],[75.909,-9.164]],"c":true}]},{"i":{"x":0.833,"y":0.833},"o":{"x":0.167,"y":0.167},"n":"0p833_0p833_0p167_0p167","t":19,"s":[{"i":[[0.754,-2.364],[0.241,-3.124],[-0.643,-1.952],[-1.401,-1.373],[0.577,-2.907],[0.919,-0.825],[0.309,-0.091],[2.122,-5.045],[-0.448,-2.16],[0.329,-1.834],[1.677,-1.875],[1.546,-0.865],[11.895,0],[0,39.028],[-39.028,0],[-5.622,-1.8],[-2.056,-3.04],[-0.57,-1.453],[-0.608,-1.196],[-0.555,-5.021],[-1.783,-1.183],[-2.46,-2.785],[-1.064,-5.436],[0.468,-2.382]],"o":[[-0.808,2.009],[-0.266,3.306],[0.205,0.932],[0.268,1.195],[-0.591,2.93],[-0.203,0.222],[-3.21,0.946],[-1.704,5.037],[-0.205,0.91],[-0.265,1.475],[-2.073,2.625],[-8.157,4.566],[-39.028,0],[0,-39.028],[7.784,0],[2.979,0.937],[1.828,2.789],[0.739,1.399],[-0.057,1.511],[2.62,2.399],[2.784,1.967],[2.336,2.666],[0.73,4.47],[-0.444,2.316]],"v":[[68.392,-2.975],[66.122,4.195],[69.452,11.736],[76.117,15.849],[77.486,22.931],[73.161,29.053],[61.46,31.054],[51.058,40.73],[50.323,49.785],[52.046,54.584],[50.198,59.375],[43.774,64.107],[0,70.667],[-70.667,0],[0,-70.667],[33.19,-68.221],[40.509,-63.038],[44.778,-56.466],[46.452,-52.337],[49.93,-42.354],[56.15,-36.509],[71.304,-29.439],[77.508,-19.905],[75.909,-9.164]],"c":true}],"e":[{"i":[[0,-3.375],[0.267,-2.498],[0.623,-2.711],[0.406,-1.373],[0.721,-1.845],[0.892,-1.805],[0.185,-0.358],[2.404,-3.188],[2.864,-2.712],[1.374,-1.119],[1.545,-1.066],[1.932,-1.082],[12.516,0],[0,39.028],[-39.028,0],[-7.004,-2.325],[-2.532,-1.194],[-2.112,-1.284],[-2.128,-1.653],[-1.694,-1.607],[-1.838,-2.228],[-2.271,-4.321],[-1.33,-4.597],[-0.468,-3.321]],"o":[[0,2.569],[-0.302,2.82],[-0.323,1.406],[-0.567,1.917],[-0.738,1.888],[-0.179,0.362],[-1.844,3.575],[-2.379,3.155],[-1.286,1.218],[-1.452,1.183],[-1.815,1.253],[-10.196,5.708],[-39.028,0],[0,-39.028],[7.784,0],[2.685,0.891],[2.249,1.061],[2.312,1.405],[1.846,1.434],[2.093,1.986],[3.082,3.735],[2.186,4.16],[0.913,3.156],[0.458,3.249]],"v":[[70.667,0],[70.262,7.603],[68.87,15.904],[67.775,20.073],[65.841,25.719],[63.393,31.262],[62.848,32.342],[56.461,42.503],[48.582,51.319],[44.59,54.825],[40.092,58.201],[34.469,61.705],[0,70.667],[-70.667,0],[0,-70.667],[22.278,-67.083],[30.109,-63.95],[36.653,-60.43],[43.318,-55.837],[48.631,-51.272],[54.535,-44.945],[62.594,-32.831],[67.893,-19.669],[69.972,-9.945]],"c":true}]},{"i":{"x":0.833,"y":0.833},"o":{"x":0.167,"y":0.167},"n":"0p833_0p833_0p167_0p167","t":20,"s":[{"i":[[0,-3.375],[0.267,-2.498],[0.623,-2.711],[0.406,-1.373],[0.721,-1.845],[0.892,-1.805],[0.185,-0.358],[2.404,-3.188],[2.864,-2.712],[1.374,-1.119],[1.545,-1.066],[1.932,-1.082],[12.516,0],[0,39.028],[-39.028,0],[-7.004,-2.325],[-2.532,-1.194],[-2.112,-1.284],[-2.128,-1.653],[-1.694,-1.607],[-1.838,-2.228],[-2.271,-4.321],[-1.33,-4.597],[-0.468,-3.321]],"o":[[0,2.569],[-0.302,2.82],[-0.323,1.406],[-0.567,1.917],[-0.738,1.888],[-0.179,0.362],[-1.844,3.575],[-2.379,3.155],[-1.286,1.218],[-1.452,1.183],[-1.815,1.253],[-10.196,5.708],[-39.028,0],[0,-39.028],[7.784,0],[2.685,0.891],[2.249,1.061],[2.312,1.405],[1.846,1.434],[2.093,1.986],[3.082,3.735],[2.186,4.16],[0.913,3.156],[0.458,3.249]],"v":[[70.667,0],[70.262,7.603],[68.87,15.904],[67.775,20.073],[65.841,25.719],[63.393,31.262],[62.848,32.342],[56.461,42.503],[48.582,51.319],[44.59,54.825],[40.092,58.201],[34.469,61.705],[0,70.667],[-70.667,0],[0,-70.667],[22.278,-67.083],[30.109,-63.95],[36.653,-60.43],[43.318,-55.837],[48.631,-51.272],[54.535,-44.945],[62.594,-32.831],[67.893,-19.669],[69.972,-9.945]],"c":true}],"e":[{"i":[[0.754,-2.364],[0.241,-3.124],[-1.943,-1.635],[-1.401,-1.373],[0.46,-3.065],[0.919,-0.825],[0.309,-0.091],[2.122,-5.045],[-0.448,-2.16],[0.329,-1.834],[1.677,-1.875],[1.546,-0.865],[11.895,0],[0,39.028],[-39.028,0],[-5.622,-1.8],[-2.056,-3.04],[-0.57,-1.453],[-0.608,-1.196],[-2.287,-3.437],[-1.783,-1.183],[-2.936,-2.278],[-1.064,-5.436],[1.148,-2.139]],"o":[[-0.808,2.009],[-0.266,3.306],[0.205,0.932],[0.268,1.195],[-0.444,2.956],[-0.203,0.222],[-3.21,0.946],[-1.704,5.037],[-0.205,0.91],[-0.265,1.475],[-2.073,2.625],[-8.157,4.566],[-39.028,0],[0,-39.028],[7.784,0],[2.979,0.937],[1.828,2.789],[0.739,1.399],[0.855,2.337],[1.08,2.455],[2.784,1.967],[3.444,2.672],[0.73,4.47],[-1.666,3.104]],"v":[[66.54,-2.47],[64.944,3.522],[69.452,11.736],[75.443,16.017],[77.486,22.931],[73.161,29.053],[61.46,31.054],[51.058,40.73],[50.323,49.785],[52.046,54.584],[50.198,59.375],[43.774,64.107],[0,70.667],[-70.667,0],[0,-70.667],[27.298,-68.389],[38.152,-60.681],[41.916,-55.624],[45.273,-50.654],[49.593,-42.354],[56.15,-36.509],[67.937,-30.786],[75.825,-19.232],[74.394,-9.333]],"c":true}]},{"i":{"x":0.833,"y":0.833},"o":{"x":0.167,"y":0.167},"n":"0p833_0p833_0p167_0p167","t":22,"s":[{"i":[[0.754,-2.364],[0.241,-3.124],[-1.943,-1.635],[-1.401,-1.373],[0.46,-3.065],[0.919,-0.825],[0.309,-0.091],[2.122,-5.045],[-0.448,-2.16],[0.329,-1.834],[1.677,-1.875],[1.546,-0.865],[11.895,0],[0,39.028],[-39.028,0],[-5.622,-1.8],[-2.056,-3.04],[-0.57,-1.453],[-0.608,-1.196],[-2.287,-3.437],[-1.783,-1.183],[-2.936,-2.278],[-1.064,-5.436],[1.148,-2.139]],"o":[[-0.808,2.009],[-0.266,3.306],[0.205,0.932],[0.268,1.195],[-0.444,2.956],[-0.203,0.222],[-3.21,0.946],[-1.704,5.037],[-0.205,0.91],[-0.265,1.475],[-2.073,2.625],[-8.157,4.566],[-39.028,0],[0,-39.028],[7.784,0],[2.979,0.937],[1.828,2.789],[0.739,1.399],[0.855,2.337],[1.08,2.455],[2.784,1.967],[3.444,2.672],[0.73,4.47],[-1.666,3.104]],"v":[[66.54,-2.47],[64.944,3.522],[69.452,11.736],[75.443,16.017],[77.486,22.931],[73.161,29.053],[61.46,31.054],[51.058,40.73],[50.323,49.785],[52.046,54.584],[50.198,59.375],[43.774,64.107],[0,70.667],[-70.667,0],[0,-70.667],[27.298,-68.389],[38.152,-60.681],[41.916,-55.624],[45.273,-50.654],[49.593,-42.354],[56.15,-36.509],[67.937,-30.786],[75.825,-19.232],[74.394,-9.333]],"c":true}],"e":[{"i":[[0,-3.375],[0.267,-2.498],[0.623,-2.711],[0.406,-1.373],[0.721,-1.845],[0.892,-1.805],[0.185,-0.358],[2.404,-3.188],[2.864,-2.712],[1.374,-1.119],[1.545,-1.066],[1.932,-1.082],[12.516,0],[0,39.028],[-39.028,0],[-7.004,-2.325],[-2.532,-1.194],[-2.112,-1.284],[-2.128,-1.653],[-1.694,-1.607],[-1.838,-2.228],[-2.271,-4.321],[-1.33,-4.597],[-0.468,-3.321]],"o":[[0,2.569],[-0.302,2.82],[-0.323,1.406],[-0.567,1.917],[-0.738,1.888],[-0.179,0.362],[-1.844,3.575],[-2.379,3.155],[-1.286,1.218],[-1.452,1.183],[-1.815,1.253],[-10.196,5.708],[-39.028,0],[0,-39.028],[7.784,0],[2.685,0.891],[2.249,1.061],[2.312,1.405],[1.846,1.434],[2.093,1.986],[3.082,3.735],[2.186,4.16],[0.913,3.156],[0.458,3.249]],"v":[[70.667,0],[70.262,7.603],[68.87,15.904],[67.775,20.073],[65.841,25.719],[63.393,31.262],[62.848,32.342],[56.461,42.503],[48.582,51.319],[44.59,54.825],[40.092,58.201],[34.469,61.705],[0,70.667],[-70.667,0],[0,-70.667],[22.278,-67.083],[30.109,-63.95],[36.653,-60.43],[43.318,-55.837],[48.631,-51.272],[54.535,-44.945],[62.594,-32.831],[67.893,-19.669],[69.972,-9.945]],"c":true}]},{"i":{"x":0.833,"y":0.833},"o":{"x":0.167,"y":0.167},"n":"0p833_0p833_0p167_0p167","t":24,"s":[{"i":[[0,-3.375],[0.267,-2.498],[0.623,-2.711],[0.406,-1.373],[0.721,-1.845],[0.892,-1.805],[0.185,-0.358],[2.404,-3.188],[2.864,-2.712],[1.374,-1.119],[1.545,-1.066],[1.932,-1.082],[12.516,0],[0,39.028],[-39.028,0],[-7.004,-2.325],[-2.532,-1.194],[-2.112,-1.284],[-2.128,-1.653],[-1.694,-1.607],[-1.838,-2.228],[-2.271,-4.321],[-1.33,-4.597],[-0.468,-3.321]],"o":[[0,2.569],[-0.302,2.82],[-0.323,1.406],[-0.567,1.917],[-0.738,1.888],[-0.179,0.362],[-1.844,3.575],[-2.379,3.155],[-1.286,1.218],[-1.452,1.183],[-1.815,1.253],[-10.196,5.708],[-39.028,0],[0,-39.028],[7.784,0],[2.685,0.891],[2.249,1.061],[2.312,1.405],[1.846,1.434],[2.093,1.986],[3.082,3.735],[2.186,4.16],[0.913,3.156],[0.458,3.249]],"v":[[70.667,0],[70.262,7.603],[68.87,15.904],[67.775,20.073],[65.841,25.719],[63.393,31.262],[62.848,32.342],[56.461,42.503],[48.582,51.319],[44.59,54.825],[40.092,58.201],[34.469,61.705],[0,70.667],[-70.667,0],[0,-70.667],[22.278,-67.083],[30.109,-63.95],[36.653,-60.43],[43.318,-55.837],[48.631,-51.272],[54.535,-44.945],[62.594,-32.831],[67.893,-19.669],[69.972,-9.945]],"c":true}],"e":[{"i":[[0,-3.375],[0.267,-2.498],[0.623,-2.711],[0.406,-1.373],[0.721,-1.845],[0.892,-1.805],[0.185,-0.358],[2.404,-3.188],[2.864,-2.712],[1.374,-1.119],[1.545,-1.066],[1.932,-1.082],[12.516,0],[0,39.028],[-39.028,0],[-7.004,-2.325],[-2.532,-1.194],[-2.112,-1.284],[-2.128,-1.653],[-1.694,-1.607],[-1.838,-2.228],[-2.271,-4.321],[-1.33,-4.597],[-0.468,-3.321]],"o":[[0,2.569],[-0.302,2.82],[-0.323,1.406],[-0.567,1.917],[-0.738,1.888],[-0.179,0.362],[-1.844,3.575],[-2.379,3.155],[-1.286,1.218],[-1.452,1.183],[-1.815,1.253],[-10.196,5.708],[-39.028,0],[0,-39.028],[7.784,0],[2.685,0.891],[2.249,1.061],[2.312,1.405],[1.846,1.434],[2.093,1.986],[3.082,3.735],[2.186,4.16],[0.913,3.156],[0.458,3.249]],"v":[[70.667,0],[70.262,7.603],[68.87,15.904],[67.775,20.073],[65.841,25.719],[63.393,31.262],[62.848,32.342],[56.461,42.503],[48.582,51.319],[44.59,54.825],[40.092,58.201],[34.469,61.705],[0,70.667],[-70.667,0],[0,-70.667],[22.278,-67.083],[30.109,-63.95],[36.653,-60.43],[43.318,-55.837],[48.631,-51.272],[54.535,-44.945],[62.594,-32.831],[67.893,-19.669],[69.972,-9.945]],"c":true}]},{"t":26}],"ix":2},"nm":"路径 1","mn":"ADBE Vector Shape - Group","hd":false},{"ty":"fl","c":{"a":0,"k":[1,0.403676470588,0,1],"ix":4},"o":{"a":0,"k":100,"ix":5},"r":1,"nm":"填充 1","mn":"ADBE Vector Graphic - Fill","hd":false},{"ty":"tr","p":{"a":0,"k":[0,0],"ix":2},"a":{"a":0,"k":[0,0],"ix":1},"s":{"a":0,"k":[100,100],"ix":3},"r":{"a":0,"k":0,"ix":6},"o":{"a":0,"k":100,"ix":7},"sk":{"a":0,"k":0,"ix":4},"sa":{"a":0,"k":0,"ix":5},"nm":"变换"}],"nm":"形状 1","np":3,"cix":2,"ix":1,"mn":"ADBE Vector Group","hd":false}],"ip":0,"op":70,"st":0,"bm":0},{"ddd":0,"ind":16,"ty":4,"nm":"杆 3","parent":15,"sr":1,"ks":{"o":{"a":0,"k":100,"ix":11},"r":{"a":0,"k":0,"ix":10},"p":{"a":1,"k":[{"i":{"x":0.833,"y":0.833},"o":{"x":0.167,"y":0.167},"n":"0p833_0p833_0p167_0p167","t":24,"s":[-0.673,44.781,0],"e":[-0.673,18.781,0],"to":[0,-4.33333349227905,0],"ti":[0,4.33333349227905,0]},{"i":{"x":0.833,"y":0.833},"o":{"x":0.167,"y":0.167},"n":"0p833_0p833_0p167_0p167","t":29,"s":[-0.673,18.781,0],"e":[-0.673,18.781,0],"to":[0,0,0],"ti":[0,0,0]},{"i":{"x":0.833,"y":0.833},"o":{"x":0.167,"y":0.167},"n":"0p833_0p833_0p167_0p167","t":43,"s":[-0.673,18.781,0],"e":[-0.673,41.781,0],"to":[0,3.83333325386047,0],"ti":[0,-3.83333325386047,0]},{"t":47}],"ix":2},"a":{"a":0,"k":[0,0,0],"ix":1},"s":{"a":1,"k":[{"i":{"x":[0.667,0.667,0.667],"y":[1,1,1]},"o":{"x":[0.167,0.167,0.167],"y":[0.167,0,0]},"n":["0p667_1_0p167_0p167","0p667_1_0p167_0","0p667_1_0p167_0"],"t":24,"s":[33.67,33.67,100],"e":[51.67,33.67,100]},{"i":{"x":[0.452,0.452,0.667],"y":[1,1,1]},"o":{"x":[0.633,0.633,0.333],"y":[0,0,0]},"n":["0p452_1_0p633_0","0p452_1_0p633_0","0p667_1_0p333_0"],"t":29,"s":[51.67,33.67,100],"e":[30,41.67,100]},{"i":{"x":[0.667,0.667,0.667],"y":[1,1,1]},"o":{"x":[0.333,0.333,0.333],"y":[0,0,0]},"n":["0p667_1_0p333_0","0p667_1_0p333_0","0p667_1_0p333_0"],"t":35,"s":[30,41.67,100],"e":[51.67,33.67,100]},{"i":{"x":[0.452,0.452,0.667],"y":[1,1,1]},"o":{"x":[0.633,0.633,0.333],"y":[0,0,0]},"n":["0p452_1_0p633_0","0p452_1_0p633_0","0p667_1_0p333_0"],"t":39,"s":[51.67,33.67,100],"e":[30,41.67,100]},{"i":{"x":[0.667,0.667,0.667],"y":[1,1,1]},"o":{"x":[0.333,0.333,0.333],"y":[0,0,0]},"n":["0p667_1_0p333_0","0p667_1_0p333_0","0p667_1_0p333_0"],"t":43,"s":[30,41.67,100],"e":[51.67,33.67,100]},{"i":{"x":[0.833,0.833,0.833],"y":[0.833,1,1]},"o":{"x":[0.633,0.633,0.333],"y":[0,0,0]},"n":["0p833_0p833_0p633_0","0p833_1_0p633_0","0p833_1_0p333_0"],"t":47,"s":[51.67,33.67,100],"e":[33.67,33.67,100]},{"t":51}],"ix":6}},"ao":0,"hasMask":true,"masksProperties":[{"inv":false,"mode":"a","pt":{"a":0,"k":{"i":[[0,0],[0,0],[0,0],[0,0]],"o":[[0,0],[0,0],[0,0],[0,0]],"v":[[1.041,-189.095],[-84.647,-189.095],[-84.647,345.873],[1.041,345.873]],"c":true},"ix":1},"o":{"a":0,"k":100,"ix":3},"x":{"a":0,"k":0,"ix":4},"nm":"蒙版 1"}],"shapes":[{"ty":"gr","it":[{"ty":"rc","d":1,"s":{"a":0,"k":[68.172,450.234],"ix":2},"p":{"a":0,"k":[0,0],"ix":3},"r":{"a":0,"k":20,"ix":4},"nm":"矩形路径 1","mn":"ADBE Vector Shape - Rect","hd":false},{"ty":"fl","c":{"a":0,"k":[0.650980392157,0.650980392157,0.650980392157,1],"ix":4},"o":{"a":0,"k":100,"ix":5},"r":1,"nm":"填充 1","mn":"ADBE Vector Graphic - Fill","hd":false},{"ty":"tr","p":{"a":0,"k":[6.086,93.117],"ix":2},"a":{"a":0,"k":[0,0],"ix":1},"s":{"a":0,"k":[100,100],"ix":3},"r":{"a":0,"k":0,"ix":6},"o":{"a":0,"k":100,"ix":7},"sk":{"a":0,"k":0,"ix":4},"sa":{"a":0,"k":0,"ix":5},"nm":"变换"}],"nm":"矩形 1","np":3,"cix":2,"ix":1,"mn":"ADBE Vector Group","hd":false}],"ip":24,"op":60,"st":0,"bm":0},{"ddd":0,"ind":17,"ty":4,"nm":"杆 2","parent":15,"sr":1,"ks":{"o":{"a":0,"k":100,"ix":11},"r":{"a":0,"k":0,"ix":10},"p":{"a":1,"k":[{"i":{"x":0.833,"y":0.833},"o":{"x":0.167,"y":0.167},"n":"0p833_0p833_0p167_0p167","t":24,"s":[-0.673,44.781,0],"e":[-0.673,18.781,0],"to":[0,-4.33333349227905,0],"ti":[0,4.33333349227905,0]},{"i":{"x":0.833,"y":0.833},"o":{"x":0.167,"y":0.167},"n":"0p833_0p833_0p167_0p167","t":29,"s":[-0.673,18.781,0],"e":[-0.673,18.781,0],"to":[0,0,0],"ti":[0,0,0]},{"i":{"x":0.833,"y":0.833},"o":{"x":0.167,"y":0.167},"n":"0p833_0p833_0p167_0p167","t":43,"s":[-0.673,18.781,0],"e":[-0.673,41.781,0],"to":[0,3.83333325386047,0],"ti":[0,-3.83333325386047,0]},{"t":47}],"ix":2},"a":{"a":0,"k":[0,0,0],"ix":1},"s":{"a":1,"k":[{"i":{"x":[0.667,0.667,0.667],"y":[1,1,1]},"o":{"x":[0.167,0.167,0.167],"y":[0.167,0,0]},"n":["0p667_1_0p167_0p167","0p667_1_0p167_0","0p667_1_0p167_0"],"t":24,"s":[33.67,33.67,100],"e":[51.67,33.67,100]},{"i":{"x":[0.452,0.452,0.667],"y":[1,1,1]},"o":{"x":[0.633,0.633,0.333],"y":[0,0,0]},"n":["0p452_1_0p633_0","0p452_1_0p633_0","0p667_1_0p333_0"],"t":29,"s":[51.67,33.67,100],"e":[30,41.67,100]},{"i":{"x":[0.667,0.667,0.667],"y":[1,1,1]},"o":{"x":[0.333,0.333,0.333],"y":[0,0,0]},"n":["0p667_1_0p333_0","0p667_1_0p333_0","0p667_1_0p333_0"],"t":35,"s":[30,41.67,100],"e":[51.67,33.67,100]},{"i":{"x":[0.452,0.452,0.667],"y":[1,1,1]},"o":{"x":[0.633,0.633,0.333],"y":[0,0,0]},"n":["0p452_1_0p633_0","0p452_1_0p633_0","0p667_1_0p333_0"],"t":39,"s":[51.67,33.67,100],"e":[30,41.67,100]},{"i":{"x":[0.667,0.667,0.667],"y":[1,1,1]},"o":{"x":[0.333,0.333,0.333],"y":[0,0,0]},"n":["0p667_1_0p333_0","0p667_1_0p333_0","0p667_1_0p333_0"],"t":43,"s":[30,41.67,100],"e":[51.67,33.67,100]},{"i":{"x":[0.833,0.833,0.833],"y":[0.833,1,1]},"o":{"x":[0.633,0.633,0.333],"y":[0,0,0]},"n":["0p833_0p833_0p633_0","0p833_1_0p633_0","0p833_1_0p333_0"],"t":47,"s":[51.67,33.67,100],"e":[33.67,33.67,100]},{"t":51}],"ix":6}},"ao":0,"shapes":[{"ty":"gr","it":[{"ty":"rc","d":1,"s":{"a":0,"k":[68.172,450.234],"ix":2},"p":{"a":0,"k":[0,0],"ix":3},"r":{"a":0,"k":20,"ix":4},"nm":"矩形路径 1","mn":"ADBE Vector Shape - Rect","hd":false},{"ty":"fl","c":{"a":0,"k":[1,1,1,1],"ix":4},"o":{"a":0,"k":100,"ix":5},"r":1,"nm":"填充 1","mn":"ADBE Vector Graphic - Fill","hd":false},{"ty":"tr","p":{"a":0,"k":[6.086,93.117],"ix":2},"a":{"a":0,"k":[0,0],"ix":1},"s":{"a":0,"k":[100,100],"ix":3},"r":{"a":0,"k":0,"ix":6},"o":{"a":0,"k":100,"ix":7},"sk":{"a":0,"k":0,"ix":4},"sa":{"a":0,"k":0,"ix":5},"nm":"变换"}],"nm":"矩形 1","np":3,"cix":2,"ix":1,"mn":"ADBE Vector Group","hd":false}],"ip":24,"op":60,"st":0,"bm":0},{"ddd":0,"ind":18,"ty":4,"nm":"杆 4","sr":1,"ks":{"o":{"a":0,"k":100,"ix":11},"r":{"a":1,"k":[{"i":{"x":[0.667],"y":[1]},"o":{"x":[0.333],"y":[0]},"n":["0p667_1_0p333_0"],"t":0,"s":[0],"e":[-21]},{"i":{"x":[0.833],"y":[1]},"o":{"x":[0.333],"y":[0]},"n":["0p833_1_0p333_0"],"t":5,"s":[-21],"e":[-21]},{"i":{"x":[0.833],"y":[1]},"o":{"x":[0.167],"y":[0]},"n":["0p833_1_0p167_0"],"t":10,"s":[-21],"e":[19]},{"i":{"x":[0.833],"y":[1]},"o":{"x":[0.167],"y":[0]},"n":["0p833_1_0p167_0"],"t":15,"s":[19],"e":[19]},{"i":{"x":[0.833],"y":[1]},"o":{"x":[0.167],"y":[0]},"n":["0p833_1_0p167_0"],"t":20,"s":[19],"e":[0]},{"t":24}],"ix":10},"p":{"a":0,"k":[1102.086,1414.234,0],"ix":2},"a":{"a":0,"k":[6.086,318.234,0],"ix":1},"s":{"a":0,"k":[100,100,100],"ix":6}},"ao":0,"hasMask":true,"masksProperties":[{"inv":false,"mode":"a","pt":{"a":0,"k":{"i":[[0,0],[0,0],[0,0],[0,0]],"o":[[0,0],[0,0],[0,0],[0,0]],"v":[[1.805,-133.805],[-60,-133.805],[-60,346],[1.805,346]],"c":true},"ix":1},"o":{"a":0,"k":100,"ix":3},"x":{"a":0,"k":0,"ix":4},"nm":"蒙版 1"}],"shapes":[{"ty":"gr","it":[{"ty":"rc","d":1,"s":{"a":0,"k":[68.172,450.234],"ix":2},"p":{"a":0,"k":[0,0],"ix":3},"r":{"a":0,"k":20,"ix":4},"nm":"矩形路径 1","mn":"ADBE Vector Shape - Rect","hd":false},{"ty":"fl","c":{"a":0,"k":[0.556862745098,0.556862745098,0.556862745098,1],"ix":4},"o":{"a":0,"k":100,"ix":5},"r":1,"nm":"填充 1","mn":"ADBE Vector Graphic - Fill","hd":false},{"ty":"tr","p":{"a":0,"k":[6.086,93.117],"ix":2},"a":{"a":0,"k":[0,0],"ix":1},"s":{"a":0,"k":[100,100],"ix":3},"r":{"a":0,"k":0,"ix":6},"o":{"a":0,"k":100,"ix":7},"sk":{"a":0,"k":0,"ix":4},"sa":{"a":0,"k":0,"ix":5},"nm":"变换"}],"nm":"矩形 1","np":3,"cix":2,"ix":1,"mn":"ADBE Vector Group","hd":false}],"ip":0,"op":24,"st":0,"bm":0},{"ddd":0,"ind":19,"ty":4,"nm":"杆","sr":1,"ks":{"o":{"a":0,"k":100,"ix":11},"r":{"a":1,"k":[{"i":{"x":[0.667],"y":[1]},"o":{"x":[0.333],"y":[0]},"n":["0p667_1_0p333_0"],"t":0,"s":[0],"e":[-21]},{"i":{"x":[0.833],"y":[1]},"o":{"x":[0.333],"y":[0]},"n":["0p833_1_0p333_0"],"t":5,"s":[-21],"e":[-21]},{"i":{"x":[0.833],"y":[1]},"o":{"x":[0.167],"y":[0]},"n":["0p833_1_0p167_0"],"t":10,"s":[-21],"e":[19]},{"i":{"x":[0.833],"y":[1]},"o":{"x":[0.167],"y":[0]},"n":["0p833_1_0p167_0"],"t":15,"s":[19],"e":[19]},{"i":{"x":[0.833],"y":[1]},"o":{"x":[0.167],"y":[0]},"n":["0p833_1_0p167_0"],"t":20,"s":[19],"e":[0]},{"t":24}],"ix":10},"p":{"a":0,"k":[1102.086,1414.234,0],"ix":2},"a":{"a":0,"k":[6.086,318.234,0],"ix":1},"s":{"a":0,"k":[100,100,100],"ix":6}},"ao":0,"shapes":[{"ty":"gr","it":[{"ty":"rc","d":1,"s":{"a":0,"k":[68.172,450.234],"ix":2},"p":{"a":0,"k":[0,0],"ix":3},"r":{"a":0,"k":20,"ix":4},"nm":"矩形路径 1","mn":"ADBE Vector Shape - Rect","hd":false},{"ty":"fl","c":{"a":0,"k":[1,1,1,1],"ix":4},"o":{"a":0,"k":100,"ix":5},"r":1,"nm":"填充 1","mn":"ADBE Vector Graphic - Fill","hd":false},{"ty":"tr","p":{"a":0,"k":[6.086,93.117],"ix":2},"a":{"a":0,"k":[0,0],"ix":1},"s":{"a":0,"k":[100,100],"ix":3},"r":{"a":0,"k":0,"ix":6},"o":{"a":0,"k":100,"ix":7},"sk":{"a":0,"k":0,"ix":4},"sa":{"a":0,"k":0,"ix":5},"nm":"变换"}],"nm":"矩形 1","np":3,"cix":2,"ix":1,"mn":"ADBE Vector Group","hd":false}],"ip":0,"op":24,"st":0,"bm":0},{"ddd":0,"ind":21,"ty":4,"nm":"形状图层 28","sr":1,"ks":{"o":{"a":0,"k":100,"ix":11},"r":{"a":1,"k":[{"i":{"x":[0.833],"y":[0.833]},"o":{"x":[0.167],"y":[0.167]},"n":["0p833_0p833_0p167_0p167"],"t":34,"s":[0],"e":[-22]},{"i":{"x":[0.833],"y":[0.833]},"o":{"x":[0.167],"y":[0.167]},"n":["0p833_0p833_0p167_0p167"],"t":38,"s":[-22],"e":[9]},{"i":{"x":[0.833],"y":[0.833]},"o":{"x":[0.167],"y":[0.167]},"n":["0p833_0p833_0p167_0p167"],"t":40,"s":[9],"e":[0]},{"t":42}],"ix":10},"p":{"a":1,"k":[{"i":{"x":0.667,"y":1},"o":{"x":0.333,"y":0},"n":"0p667_1_0p333_0","t":26,"s":[1290,1345.251,0],"e":[1290,1413.3,0],"to":[0,11.3415250778198,0],"ti":[0,97.6666641235352,0]},{"i":{"x":0.667,"y":0.374},"o":{"x":0.333,"y":0},"n":"0p667_0p374_0p333_0","t":32,"s":[1290,1413.3,0],"e":[1290,1152.274,0],"to":[0,-48.9878959655762,0],"ti":[0,139.097854614258,0]},{"i":{"x":0.667,"y":1},"o":{"x":0.333,"y":0.416},"n":"0p667_1_0p333_0p416","t":35,"s":[1290,1152.274,0],"e":[1290,759.251,0],"to":[0,-138.220108032227,0],"ti":[0,50.4273147583008,0]},{"i":{"x":0.667,"y":1},"o":{"x":0.333,"y":0},"n":"0p667_1_0p333_0","t":38,"s":[1290,759.251,0],"e":[1290,806.251,0],"to":[0,-101.174858093262,0],"ti":[0,-9.66666698455811,0]},{"i":{"x":0.667,"y":1},"o":{"x":0.333,"y":0},"n":"0p667_1_0p333_0","t":40,"s":[1290,806.251,0],"e":[1290,817.251,0],"to":[0,9.66666698455811,0],"ti":[0,-20.1666660308838,0]},{"i":{"x":0.667,"y":1},"o":{"x":0.333,"y":0},"n":"0p667_1_0p333_0","t":41,"s":[1290,817.251,0],"e":[1290,927.251,0],"to":[0,20.1666660308838,0],"ti":[0,-61.1666679382324,0]},{"i":{"x":0.667,"y":0.684},"o":{"x":0.333,"y":0},"n":"0p667_0p684_0p333_0","t":42,"s":[1290,927.251,0],"e":[1290,1026.004,0],"to":[0,0.91581642627716,0],"ti":[0,-30.5020141601562,0]},{"i":{"x":0.667,"y":0.747},"o":{"x":0.333,"y":0.186},"n":"0p667_0p747_0p333_0p186","t":43,"s":[1290,1026.004,0],"e":[1290,1193.528,0],"to":[0,31.3516635894775,0],"ti":[0,-42.2690200805664,0]},{"i":{"x":0.667,"y":0.739},"o":{"x":0.333,"y":0.336},"n":"0p667_0p739_0p333_0p336","t":44,"s":[1290,1193.528,0],"e":[1290,1319.474,0],"to":[0,42.9492530822754,0],"ti":[0,-32.489200592041,0]},{"i":{"x":0.667,"y":1},"o":{"x":0.333,"y":0.686},"n":"0p667_1_0p333_0p686","t":45,"s":[1290,1319.474,0],"e":[1290,1415.251,0],"to":[0,58.5046463012695,0],"ti":[0,-10.2809219360352,0]},{"i":{"x":0.667,"y":1},"o":{"x":0.333,"y":0},"n":"0p667_1_0p333_0","t":47,"s":[1290,1415.251,0],"e":[1290,1345.251,0],"to":[0,37.8333320617676,0],"ti":[0,11.6666669845581,0]},{"t":51}],"ix":2},"a":{"a":0,"k":[0,9.703,0],"ix":1},"s":{"a":1,"k":[{"i":{"x":[0.667,0.667,0.667],"y":[1,1,1]},"o":{"x":[0.333,0.333,0.333],"y":[0,0,0]},"n":["0p667_1_0p333_0","0p667_1_0p333_0","0p667_1_0p333_0"],"t":0,"s":[353,353,100],"e":[353,412,100]},{"i":{"x":[0.667,0.667,0.667],"y":[1,1,1]},"o":{"x":[0.333,0.333,0.333],"y":[0,0,0]},"n":["0p667_1_0p333_0","0p667_1_0p333_0","0p667_1_0p333_0"],"t":5,"s":[353,412,100],"e":[353,412,100]},{"i":{"x":[0.667,0.667,0.667],"y":[1,1,1]},"o":{"x":[0.333,0.333,0.333],"y":[0,0,0]},"n":["0p667_1_0p333_0","0p667_1_0p333_0","0p667_1_0p333_0"],"t":10,"s":[353,412,100],"e":[353,178,100]},{"i":{"x":[0.667,0.667,0.667],"y":[1,1,1]},"o":{"x":[0.333,0.333,0.333],"y":[0,0,0]},"n":["0p667_1_0p333_0","0p667_1_0p333_0","0p667_1_0p333_0"],"t":15,"s":[353,178,100],"e":[353,353,100]},{"i":{"x":[0.833,0.833,0.833],"y":[1,1,1]},"o":{"x":[0.333,0.333,0.333],"y":[0,0,0]},"n":["0p833_1_0p333_0","0p833_1_0p333_0","0p833_1_0p333_0"],"t":24,"s":[353,353,100],"e":[353,353,100]},{"i":{"x":[0.833,0.833,0.833],"y":[1,1,1]},"o":{"x":[0.167,0.167,0.167],"y":[0,0,0]},"n":["0p833_1_0p167_0","0p833_1_0p167_0","0p833_1_0p167_0"],"t":26,"s":[353,353,100],"e":[353,170,100]},{"i":{"x":[0.833,0.833,0.833],"y":[1,1,1]},"o":{"x":[0.167,0.167,0.167],"y":[0,0,0]},"n":["0p833_1_0p167_0","0p833_1_0p167_0","0p833_1_0p167_0"],"t":32,"s":[353,170,100],"e":[353,278,100]},{"i":{"x":[0.833,0.833,0.833],"y":[1,1,1]},"o":{"x":[0.167,0.167,0.167],"y":[0,0,0]},"n":["0p833_1_0p167_0","0p833_1_0p167_0","0p833_1_0p167_0"],"t":35,"s":[353,278,100],"e":[353,278,100]},{"i":{"x":[0.833,0.833,0.833],"y":[1,1,1]},"o":{"x":[0.167,0.167,0.167],"y":[0,0,0]},"n":["0p833_1_0p167_0","0p833_1_0p167_0","0p833_1_0p167_0"],"t":45,"s":[353,278,100],"e":[353,165,100]},{"i":{"x":[0.833,0.833,0.833],"y":[1,1,1]},"o":{"x":[0.167,0.167,0.167],"y":[0,0,0]},"n":["0p833_1_0p167_0","0p833_1_0p167_0","0p833_1_0p167_0"],"t":47,"s":[353,165,100],"e":[353,353,100]},{"t":51}],"ix":6}},"ao":0,"hasMask":true,"masksProperties":[{"inv":false,"mode":"a","pt":{"a":0,"k":{"i":[[0,0],[0,0],[0,0],[0,0]],"o":[[0,0],[0,0],[0,0],[0,0]],"v":[[34.269,1.678],[-32.861,1.678],[-32.861,22.946],[34.269,22.946]],"c":true},"ix":1},"o":{"a":0,"k":100,"ix":3},"x":{"a":0,"k":0,"ix":4},"nm":"蒙版 1"}],"shapes":[{"ty":"gr","it":[{"ind":0,"ty":"sh","ix":1,"ks":{"a":0,"k":{"i":[[0,0],[0,0],[5.827,0],[0,0],[0,-5.827],[0,0]],"o":[[0,0],[0,-5.827],[0,0],[-5.827,0],[0,0],[0,0]],"v":[[23.333,9.703],[23.333,0.892],[12.739,-9.703],[-12.739,-9.703],[-23.333,0.892],[-23.333,9.703]],"c":true},"ix":2},"nm":"路径 1","mn":"ADBE Vector Shape - Group","hd":false},{"ty":"fl","c":{"a":0,"k":[0.55775122549,0.55775122549,0.55775122549,1],"ix":4},"o":{"a":0,"k":100,"ix":5},"r":1,"nm":"填充 1","mn":"ADBE Vector Graphic - Fill","hd":false},{"ty":"tr","p":{"a":0,"k":[0,0],"ix":2},"a":{"a":0,"k":[0,0],"ix":1},"s":{"a":0,"k":[100,100],"ix":3},"r":{"a":0,"k":0,"ix":6},"o":{"a":0,"k":100,"ix":7},"sk":{"a":0,"k":0,"ix":4},"sa":{"a":0,"k":0,"ix":5},"nm":"变换"}],"nm":"形状 1","np":3,"cix":2,"ix":1,"mn":"ADBE Vector Group","hd":false}],"ip":0,"op":65,"st":0,"bm":0},{"ddd":0,"ind":22,"ty":4,"nm":"形状图层 13","sr":1,"ks":{"o":{"a":0,"k":100,"ix":11},"r":{"a":1,"k":[{"i":{"x":[0.833],"y":[0.833]},"o":{"x":[0.167],"y":[0.167]},"n":["0p833_0p833_0p167_0p167"],"t":34,"s":[0],"e":[-22]},{"i":{"x":[0.833],"y":[0.833]},"o":{"x":[0.167],"y":[0.167]},"n":["0p833_0p833_0p167_0p167"],"t":38,"s":[-22],"e":[9]},{"i":{"x":[0.833],"y":[0.833]},"o":{"x":[0.167],"y":[0.167]},"n":["0p833_0p833_0p167_0p167"],"t":40,"s":[9],"e":[0]},{"t":42}],"ix":10},"p":{"a":1,"k":[{"i":{"x":0.667,"y":1},"o":{"x":0.333,"y":0},"n":"0p667_1_0p333_0","t":26,"s":[1290,1345.251,0],"e":[1290,1413.3,0],"to":[0,11.3415250778198,0],"ti":[0,97.6666641235352,0]},{"i":{"x":0.667,"y":0.374},"o":{"x":0.333,"y":0},"n":"0p667_0p374_0p333_0","t":32,"s":[1290,1413.3,0],"e":[1290,1152.274,0],"to":[0,-48.9878959655762,0],"ti":[0,139.097854614258,0]},{"i":{"x":0.667,"y":1},"o":{"x":0.333,"y":0.416},"n":"0p667_1_0p333_0p416","t":35,"s":[1290,1152.274,0],"e":[1290,759.251,0],"to":[0,-138.220108032227,0],"ti":[0,50.4273147583008,0]},{"i":{"x":0.667,"y":1},"o":{"x":0.333,"y":0},"n":"0p667_1_0p333_0","t":38,"s":[1290,759.251,0],"e":[1290,806.251,0],"to":[0,-101.174858093262,0],"ti":[0,-9.66666698455811,0]},{"i":{"x":0.667,"y":1},"o":{"x":0.333,"y":0},"n":"0p667_1_0p333_0","t":40,"s":[1290,806.251,0],"e":[1290,817.251,0],"to":[0,9.66666698455811,0],"ti":[0,-20.1666660308838,0]},{"i":{"x":0.667,"y":1},"o":{"x":0.333,"y":0},"n":"0p667_1_0p333_0","t":41,"s":[1290,817.251,0],"e":[1290,927.251,0],"to":[0,20.1666660308838,0],"ti":[0,-61.1666679382324,0]},{"i":{"x":0.667,"y":0.684},"o":{"x":0.333,"y":0},"n":"0p667_0p684_0p333_0","t":42,"s":[1290,927.251,0],"e":[1290,1026.004,0],"to":[0,0.91581642627716,0],"ti":[0,-30.5020141601562,0]},{"i":{"x":0.667,"y":0.747},"o":{"x":0.333,"y":0.186},"n":"0p667_0p747_0p333_0p186","t":43,"s":[1290,1026.004,0],"e":[1290,1193.528,0],"to":[0,31.3516635894775,0],"ti":[0,-42.2690200805664,0]},{"i":{"x":0.667,"y":0.739},"o":{"x":0.333,"y":0.336},"n":"0p667_0p739_0p333_0p336","t":44,"s":[1290,1193.528,0],"e":[1290,1319.474,0],"to":[0,42.9492530822754,0],"ti":[0,-32.489200592041,0]},{"i":{"x":0.667,"y":1},"o":{"x":0.333,"y":0.686},"n":"0p667_1_0p333_0p686","t":45,"s":[1290,1319.474,0],"e":[1290,1415.251,0],"to":[0,58.5046463012695,0],"ti":[0,-10.2809219360352,0]},{"i":{"x":0.667,"y":1},"o":{"x":0.333,"y":0},"n":"0p667_1_0p333_0","t":47,"s":[1290,1415.251,0],"e":[1290,1345.251,0],"to":[0,37.8333320617676,0],"ti":[0,11.6666669845581,0]},{"t":51}],"ix":2},"a":{"a":0,"k":[0,9.703,0],"ix":1},"s":{"a":1,"k":[{"i":{"x":[0.667,0.667,0.667],"y":[1,1,1]},"o":{"x":[0.333,0.333,0.333],"y":[0,0,0]},"n":["0p667_1_0p333_0","0p667_1_0p333_0","0p667_1_0p333_0"],"t":0,"s":[353,353,100],"e":[353,412,100]},{"i":{"x":[0.667,0.667,0.667],"y":[1,1,1]},"o":{"x":[0.333,0.333,0.333],"y":[0,0,0]},"n":["0p667_1_0p333_0","0p667_1_0p333_0","0p667_1_0p333_0"],"t":5,"s":[353,412,100],"e":[353,412,100]},{"i":{"x":[0.667,0.667,0.667],"y":[1,1,1]},"o":{"x":[0.333,0.333,0.333],"y":[0,0,0]},"n":["0p667_1_0p333_0","0p667_1_0p333_0","0p667_1_0p333_0"],"t":10,"s":[353,412,100],"e":[353,178,100]},{"i":{"x":[0.667,0.667,0.667],"y":[1,1,1]},"o":{"x":[0.333,0.333,0.333],"y":[0,0,0]},"n":["0p667_1_0p333_0","0p667_1_0p333_0","0p667_1_0p333_0"],"t":15,"s":[353,178,100],"e":[353,353,100]},{"i":{"x":[0.833,0.833,0.833],"y":[1,1,1]},"o":{"x":[0.333,0.333,0.333],"y":[0,0,0]},"n":["0p833_1_0p333_0","0p833_1_0p333_0","0p833_1_0p333_0"],"t":24,"s":[353,353,100],"e":[353,353,100]},{"i":{"x":[0.833,0.833,0.833],"y":[1,1,1]},"o":{"x":[0.167,0.167,0.167],"y":[0,0,0]},"n":["0p833_1_0p167_0","0p833_1_0p167_0","0p833_1_0p167_0"],"t":26,"s":[353,353,100],"e":[353,170,100]},{"i":{"x":[0.833,0.833,0.833],"y":[1,1,1]},"o":{"x":[0.167,0.167,0.167],"y":[0,0,0]},"n":["0p833_1_0p167_0","0p833_1_0p167_0","0p833_1_0p167_0"],"t":32,"s":[353,170,100],"e":[353,278,100]},{"i":{"x":[0.833,0.833,0.833],"y":[1,1,1]},"o":{"x":[0.167,0.167,0.167],"y":[0,0,0]},"n":["0p833_1_0p167_0","0p833_1_0p167_0","0p833_1_0p167_0"],"t":35,"s":[353,278,100],"e":[353,278,100]},{"i":{"x":[0.833,0.833,0.833],"y":[1,1,1]},"o":{"x":[0.167,0.167,0.167],"y":[0,0,0]},"n":["0p833_1_0p167_0","0p833_1_0p167_0","0p833_1_0p167_0"],"t":45,"s":[353,278,100],"e":[353,165,100]},{"i":{"x":[0.833,0.833,0.833],"y":[1,1,1]},"o":{"x":[0.167,0.167,0.167],"y":[0,0,0]},"n":["0p833_1_0p167_0","0p833_1_0p167_0","0p833_1_0p167_0"],"t":47,"s":[353,165,100],"e":[353,353,100]},{"t":51}],"ix":6}},"ao":0,"shapes":[{"ty":"gr","it":[{"ind":0,"ty":"sh","ix":1,"ks":{"a":0,"k":{"i":[[0,0],[0,0],[5.827,0],[0,0],[0,-5.827],[0,0]],"o":[[0,0],[0,-5.827],[0,0],[-5.827,0],[0,0],[0,0]],"v":[[23.333,9.703],[23.333,0.892],[12.739,-9.703],[-12.739,-9.703],[-23.333,0.892],[-23.333,9.703]],"c":true},"ix":2},"nm":"路径 1","mn":"ADBE Vector Shape - Group","hd":false},{"ty":"fl","c":{"a":0,"k":[0.775413602941,0.775413602941,0.775413602941,1],"ix":4},"o":{"a":0,"k":100,"ix":5},"r":1,"nm":"填充 1","mn":"ADBE Vector Graphic - Fill","hd":false},{"ty":"tr","p":{"a":0,"k":[0,0],"ix":2},"a":{"a":0,"k":[0,0],"ix":1},"s":{"a":0,"k":[100,100],"ix":3},"r":{"a":0,"k":0,"ix":6},"o":{"a":0,"k":100,"ix":7},"sk":{"a":0,"k":0,"ix":4},"sa":{"a":0,"k":0,"ix":5},"nm":"变换"}],"nm":"形状 1","np":3,"cix":2,"ix":1,"mn":"ADBE Vector Group","hd":false}],"ip":0,"op":65,"st":0,"bm":0},{"ddd":0,"ind":24,"ty":4,"nm":"形状图层 27","sr":1,"ks":{"o":{"a":0,"k":100,"ix":11},"r":{"a":1,"k":[{"i":{"x":[0.833],"y":[0.833]},"o":{"x":[0.167],"y":[0.167]},"n":["0p833_0p833_0p167_0p167"],"t":34,"s":[0],"e":[10]},{"i":{"x":[0.833],"y":[0.833]},"o":{"x":[0.167],"y":[0.167]},"n":["0p833_0p833_0p167_0p167"],"t":38,"s":[10],"e":[-10]},{"i":{"x":[0.833],"y":[0.833]},"o":{"x":[0.167],"y":[0.167]},"n":["0p833_0p833_0p167_0p167"],"t":40,"s":[-10],"e":[0]},{"t":42}],"ix":10},"p":{"a":1,"k":[{"i":{"x":0.667,"y":1},"o":{"x":0.333,"y":0},"n":"0p667_1_0p333_0","t":26,"s":[902,1345.251,0],"e":[902,1413.251,0],"to":[0,11.3333330154419,0],"ti":[0,97.6666641235352,0]},{"i":{"x":0.667,"y":0.374},"o":{"x":0.333,"y":0},"n":"0p667_0p374_0p333_0","t":32,"s":[902,1413.251,0],"e":[902,1152.25,0],"to":[0,-48.987548828125,0],"ti":[0,139.085556030273,0]},{"i":{"x":0.667,"y":1},"o":{"x":0.333,"y":0.416},"n":"0p667_1_0p333_0p416","t":35,"s":[902,1152.25,0],"e":[902,759.251,0],"to":[0,-138.209869384766,0],"ti":[0,50.4235916137695,0]},{"i":{"x":0.667,"y":1},"o":{"x":0.333,"y":0},"n":"0p667_1_0p333_0","t":38,"s":[902,759.251,0],"e":[902,806.251,0],"to":[0,-101.166664123535,0],"ti":[0,-9.66666698455811,0]},{"i":{"x":0.667,"y":1},"o":{"x":0.333,"y":0},"n":"0p667_1_0p333_0","t":40,"s":[902,806.251,0],"e":[902,817.251,0],"to":[0,9.66666698455811,0],"ti":[0,-20.1666660308838,0]},{"i":{"x":0.667,"y":1},"o":{"x":0.333,"y":0},"n":"0p667_1_0p333_0","t":41,"s":[902,817.251,0],"e":[902,927.251,0],"to":[0,20.1666660308838,0],"ti":[0,-61.1666679382324,0]},{"i":{"x":0.667,"y":0.684},"o":{"x":0.333,"y":0},"n":"0p667_0p684_0p333_0","t":42,"s":[902,927.251,0],"e":[902,1026.004,0],"to":[0,0.91581642627716,0],"ti":[0,-30.5020141601562,0]},{"i":{"x":0.667,"y":0.747},"o":{"x":0.333,"y":0.186},"n":"0p667_0p747_0p333_0p186","t":43,"s":[902,1026.004,0],"e":[902,1193.528,0],"to":[0,31.3516635894775,0],"ti":[0,-42.2690200805664,0]},{"i":{"x":0.667,"y":0.739},"o":{"x":0.333,"y":0.336},"n":"0p667_0p739_0p333_0p336","t":44,"s":[902,1193.528,0],"e":[902,1319.474,0],"to":[0,42.9492530822754,0],"ti":[0,-32.489200592041,0]},{"i":{"x":0.667,"y":1},"o":{"x":0.333,"y":0.686},"n":"0p667_1_0p333_0p686","t":45,"s":[902,1319.474,0],"e":[902,1415.251,0],"to":[0,58.5046463012695,0],"ti":[0,-10.2809219360352,0]},{"i":{"x":0.667,"y":1},"o":{"x":0.333,"y":0},"n":"0p667_1_0p333_0","t":47,"s":[902,1415.251,0],"e":[902,1345.251,0],"to":[0,37.8333320617676,0],"ti":[0,11.6666669845581,0]},{"t":51}],"ix":2},"a":{"a":0,"k":[0,9.703,0],"ix":1},"s":{"a":1,"k":[{"i":{"x":[0.667,0.667,0.667],"y":[1,1,1]},"o":{"x":[0.333,0.333,0.333],"y":[0,0,0]},"n":["0p667_1_0p333_0","0p667_1_0p333_0","0p667_1_0p333_0"],"t":0,"s":[353,353,100],"e":[353,179,100]},{"i":{"x":[0.833,0.833,0.833],"y":[1,1,1]},"o":{"x":[0.333,0.333,0.333],"y":[0,0,0]},"n":["0p833_1_0p333_0","0p833_1_0p333_0","0p833_1_0p333_0"],"t":5,"s":[353,179,100],"e":[353,179,100]},{"i":{"x":[0.667,0.667,0.667],"y":[1,1,1]},"o":{"x":[0.167,0.167,0.167],"y":[0,0,0]},"n":["0p667_1_0p167_0","0p667_1_0p167_0","0p667_1_0p167_0"],"t":10,"s":[353,179,100],"e":[353,353,100]},{"i":{"x":[0.667,0.667,0.667],"y":[1,1,1]},"o":{"x":[0.333,0.333,0.333],"y":[0,0,0]},"n":["0p667_1_0p333_0","0p667_1_0p333_0","0p667_1_0p333_0"],"t":15,"s":[353,353,100],"e":[353,353,100]},{"i":{"x":[0.833,0.833,0.833],"y":[1,1,1]},"o":{"x":[0.333,0.333,0.333],"y":[0,0,0]},"n":["0p833_1_0p333_0","0p833_1_0p333_0","0p833_1_0p333_0"],"t":24,"s":[353,353,100],"e":[353,353,100]},{"i":{"x":[0.833,0.833,0.833],"y":[1,1,1]},"o":{"x":[0.167,0.167,0.167],"y":[0,0,0]},"n":["0p833_1_0p167_0","0p833_1_0p167_0","0p833_1_0p167_0"],"t":26,"s":[353,353,100],"e":[353,170,100]},{"i":{"x":[0.833,0.833,0.833],"y":[1,1,1]},"o":{"x":[0.167,0.167,0.167],"y":[0,0,0]},"n":["0p833_1_0p167_0","0p833_1_0p167_0","0p833_1_0p167_0"],"t":32,"s":[353,170,100],"e":[353,278,100]},{"i":{"x":[0.833,0.833,0.833],"y":[1,1,1]},"o":{"x":[0.167,0.167,0.167],"y":[0,0,0]},"n":["0p833_1_0p167_0","0p833_1_0p167_0","0p833_1_0p167_0"],"t":35,"s":[353,278,100],"e":[353,278,100]},{"i":{"x":[0.833,0.833,0.833],"y":[1,1,1]},"o":{"x":[0.167,0.167,0.167],"y":[0,0,0]},"n":["0p833_1_0p167_0","0p833_1_0p167_0","0p833_1_0p167_0"],"t":45,"s":[353,278,100],"e":[353,165,100]},{"i":{"x":[0.667,0.667,0.667],"y":[1,1,1]},"o":{"x":[0.167,0.167,0.167],"y":[0,0,0]},"n":["0p667_1_0p167_0","0p667_1_0p167_0","0p667_1_0p167_0"],"t":47,"s":[353,165,100],"e":[353,353,100]},{"t":51}],"ix":6}},"ao":0,"hasMask":true,"masksProperties":[{"inv":false,"mode":"a","pt":{"a":0,"k":{"i":[[0,0],[0,0],[0,0],[0,0]],"o":[[0,0],[0,0],[0,0],[0,0]],"v":[[31.668,1.124],[-33.994,1.124],[-33.994,24.646],[31.668,24.646]],"c":true},"ix":1},"o":{"a":0,"k":100,"ix":3},"x":{"a":0,"k":0,"ix":4},"nm":"蒙版 1"}],"shapes":[{"ty":"gr","it":[{"ind":0,"ty":"sh","ix":1,"ks":{"a":0,"k":{"i":[[0,0],[0,0],[5.827,0],[0,0],[0,-5.827],[0,0]],"o":[[0,0],[0,-5.827],[0,0],[-5.827,0],[0,0],[0,0]],"v":[[23.333,9.703],[23.333,0.892],[12.739,-9.703],[-12.739,-9.703],[-23.333,0.892],[-23.333,9.703]],"c":true},"ix":2},"nm":"路径 1","mn":"ADBE Vector Shape - Group","hd":false},{"ty":"fl","c":{"a":0,"k":[0.051046685612,0.687928921569,0.587128283931,1],"ix":4},"o":{"a":0,"k":100,"ix":5},"r":1,"nm":"填充 1","mn":"ADBE Vector Graphic - Fill","hd":false},{"ty":"tr","p":{"a":0,"k":[0,0],"ix":2},"a":{"a":0,"k":[0,0],"ix":1},"s":{"a":0,"k":[100,100],"ix":3},"r":{"a":0,"k":0,"ix":6},"o":{"a":0,"k":100,"ix":7},"sk":{"a":0,"k":0,"ix":4},"sa":{"a":0,"k":0,"ix":5},"nm":"变换"}],"nm":"形状 1","np":3,"cix":2,"ix":1,"mn":"ADBE Vector Group","hd":false}],"ip":0,"op":64,"st":0,"bm":0},{"ddd":0,"ind":25,"ty":4,"nm":"形状图层 12","sr":1,"ks":{"o":{"a":0,"k":100,"ix":11},"r":{"a":1,"k":[{"i":{"x":[0.833],"y":[0.833]},"o":{"x":[0.167],"y":[0.167]},"n":["0p833_0p833_0p167_0p167"],"t":34,"s":[0],"e":[10]},{"i":{"x":[0.833],"y":[0.833]},"o":{"x":[0.167],"y":[0.167]},"n":["0p833_0p833_0p167_0p167"],"t":38,"s":[10],"e":[-10]},{"i":{"x":[0.833],"y":[0.833]},"o":{"x":[0.167],"y":[0.167]},"n":["0p833_0p833_0p167_0p167"],"t":40,"s":[-10],"e":[0]},{"t":42}],"ix":10},"p":{"a":1,"k":[{"i":{"x":0.667,"y":1},"o":{"x":0.333,"y":0},"n":"0p667_1_0p333_0","t":26,"s":[902,1345.251,0],"e":[902,1413.251,0],"to":[0,11.3333330154419,0],"ti":[0,97.6666641235352,0]},{"i":{"x":0.667,"y":0.374},"o":{"x":0.333,"y":0},"n":"0p667_0p374_0p333_0","t":32,"s":[902,1413.251,0],"e":[902,1152.25,0],"to":[0,-48.987548828125,0],"ti":[0,139.085556030273,0]},{"i":{"x":0.667,"y":1},"o":{"x":0.333,"y":0.416},"n":"0p667_1_0p333_0p416","t":35,"s":[902,1152.25,0],"e":[902,759.251,0],"to":[0,-138.209869384766,0],"ti":[0,50.4235916137695,0]},{"i":{"x":0.667,"y":1},"o":{"x":0.333,"y":0},"n":"0p667_1_0p333_0","t":38,"s":[902,759.251,0],"e":[902,806.251,0],"to":[0,-101.166664123535,0],"ti":[0,-9.66666698455811,0]},{"i":{"x":0.667,"y":1},"o":{"x":0.333,"y":0},"n":"0p667_1_0p333_0","t":40,"s":[902,806.251,0],"e":[902,817.251,0],"to":[0,9.66666698455811,0],"ti":[0,-20.1666660308838,0]},{"i":{"x":0.667,"y":1},"o":{"x":0.333,"y":0},"n":"0p667_1_0p333_0","t":41,"s":[902,817.251,0],"e":[902,927.251,0],"to":[0,20.1666660308838,0],"ti":[0,-61.1666679382324,0]},{"i":{"x":0.667,"y":0.684},"o":{"x":0.333,"y":0},"n":"0p667_0p684_0p333_0","t":42,"s":[902,927.251,0],"e":[902,1026.004,0],"to":[0,0.91581642627716,0],"ti":[0,-30.5020141601562,0]},{"i":{"x":0.667,"y":0.747},"o":{"x":0.333,"y":0.186},"n":"0p667_0p747_0p333_0p186","t":43,"s":[902,1026.004,0],"e":[902,1193.528,0],"to":[0,31.3516635894775,0],"ti":[0,-42.2690200805664,0]},{"i":{"x":0.667,"y":0.739},"o":{"x":0.333,"y":0.336},"n":"0p667_0p739_0p333_0p336","t":44,"s":[902,1193.528,0],"e":[902,1319.474,0],"to":[0,42.9492530822754,0],"ti":[0,-32.489200592041,0]},{"i":{"x":0.667,"y":1},"o":{"x":0.333,"y":0.686},"n":"0p667_1_0p333_0p686","t":45,"s":[902,1319.474,0],"e":[902,1415.251,0],"to":[0,58.5046463012695,0],"ti":[0,-10.2809219360352,0]},{"i":{"x":0.667,"y":1},"o":{"x":0.333,"y":0},"n":"0p667_1_0p333_0","t":47,"s":[902,1415.251,0],"e":[902,1345.251,0],"to":[0,37.8333320617676,0],"ti":[0,11.6666669845581,0]},{"t":51}],"ix":2},"a":{"a":0,"k":[0,9.703,0],"ix":1},"s":{"a":1,"k":[{"i":{"x":[0.667,0.667,0.667],"y":[1,1,1]},"o":{"x":[0.333,0.333,0.333],"y":[0,0,0]},"n":["0p667_1_0p333_0","0p667_1_0p333_0","0p667_1_0p333_0"],"t":0,"s":[353,353,100],"e":[353,179,100]},{"i":{"x":[0.833,0.833,0.833],"y":[1,1,1]},"o":{"x":[0.333,0.333,0.333],"y":[0,0,0]},"n":["0p833_1_0p333_0","0p833_1_0p333_0","0p833_1_0p333_0"],"t":5,"s":[353,179,100],"e":[353,179,100]},{"i":{"x":[0.667,0.667,0.667],"y":[1,1,1]},"o":{"x":[0.167,0.167,0.167],"y":[0,0,0]},"n":["0p667_1_0p167_0","0p667_1_0p167_0","0p667_1_0p167_0"],"t":10,"s":[353,179,100],"e":[353,353,100]},{"i":{"x":[0.667,0.667,0.667],"y":[1,1,1]},"o":{"x":[0.333,0.333,0.333],"y":[0,0,0]},"n":["0p667_1_0p333_0","0p667_1_0p333_0","0p667_1_0p333_0"],"t":15,"s":[353,353,100],"e":[353,353,100]},{"i":{"x":[0.833,0.833,0.833],"y":[1,1,1]},"o":{"x":[0.333,0.333,0.333],"y":[0,0,0]},"n":["0p833_1_0p333_0","0p833_1_0p333_0","0p833_1_0p333_0"],"t":24,"s":[353,353,100],"e":[353,353,100]},{"i":{"x":[0.833,0.833,0.833],"y":[1,1,1]},"o":{"x":[0.167,0.167,0.167],"y":[0,0,0]},"n":["0p833_1_0p167_0","0p833_1_0p167_0","0p833_1_0p167_0"],"t":26,"s":[353,353,100],"e":[353,170,100]},{"i":{"x":[0.833,0.833,0.833],"y":[1,1,1]},"o":{"x":[0.167,0.167,0.167],"y":[0,0,0]},"n":["0p833_1_0p167_0","0p833_1_0p167_0","0p833_1_0p167_0"],"t":32,"s":[353,170,100],"e":[353,278,100]},{"i":{"x":[0.833,0.833,0.833],"y":[1,1,1]},"o":{"x":[0.167,0.167,0.167],"y":[0,0,0]},"n":["0p833_1_0p167_0","0p833_1_0p167_0","0p833_1_0p167_0"],"t":35,"s":[353,278,100],"e":[353,278,100]},{"i":{"x":[0.833,0.833,0.833],"y":[1,1,1]},"o":{"x":[0.167,0.167,0.167],"y":[0,0,0]},"n":["0p833_1_0p167_0","0p833_1_0p167_0","0p833_1_0p167_0"],"t":45,"s":[353,278,100],"e":[353,165,100]},{"i":{"x":[0.667,0.667,0.667],"y":[1,1,1]},"o":{"x":[0.167,0.167,0.167],"y":[0,0,0]},"n":["0p667_1_0p167_0","0p667_1_0p167_0","0p667_1_0p167_0"],"t":47,"s":[353,165,100],"e":[353,353,100]},{"t":51}],"ix":6}},"ao":0,"shapes":[{"ty":"gr","it":[{"ind":0,"ty":"sh","ix":1,"ks":{"a":0,"k":{"i":[[0,0],[0,0],[5.827,0],[0,0],[0,-5.827],[0,0]],"o":[[0,0],[0,-5.827],[0,0],[-5.827,0],[0,0],[0,0]],"v":[[23.333,9.703],[23.333,0.892],[12.739,-9.703],[-12.739,-9.703],[-23.333,0.892],[-23.333,9.703]],"c":true},"ix":2},"nm":"路径 1","mn":"ADBE Vector Shape - Group","hd":false},{"ty":"fl","c":{"a":0,"k":[0.07792153452,0.993887867647,0.848915967754,1],"ix":4},"o":{"a":0,"k":100,"ix":5},"r":1,"nm":"填充 1","mn":"ADBE Vector Graphic - Fill","hd":false},{"ty":"tr","p":{"a":0,"k":[0,0],"ix":2},"a":{"a":0,"k":[0,0],"ix":1},"s":{"a":0,"k":[100,100],"ix":3},"r":{"a":0,"k":0,"ix":6},"o":{"a":0,"k":100,"ix":7},"sk":{"a":0,"k":0,"ix":4},"sa":{"a":0,"k":0,"ix":5},"nm":"变换"}],"nm":"形状 1","np":3,"cix":2,"ix":1,"mn":"ADBE Vector Group","hd":false}],"ip":0,"op":64,"st":0,"bm":0}]}],"layers":[{"ddd":0,"ind":1,"ty":0,"nm":"预合成 2","refId":"comp_0","sr":1,"ks":{"o":{"a":0,"k":100,"ix":11},"r":{"a":0,"k":0,"ix":10},"p":{"a":0,"k":[600,786,0],"ix":2},"a":{"a":0,"k":[1096,1096,0],"ix":1},"s":{"a":0,"k":[100,100,100],"ix":6}},"ao":0,"w":2192,"h":2192,"ip":0,"op":60,"st":0,"bm":0}]}