{
  "project_info": {
    "project_number": "813163677543",
    "firebase_url": "https://tictactoe-c5f86.firebaseio.com",
    "project_id": "tictactoe-c5f86",
    "storage_bucket": "tictactoe-c5f86.appspot.com"
  },
  "client": [
    {
      "client_info": {
        "mobilesdk_app_id": "1:813163677543:android:bff6d4401b8c9b6b",
        "android_client_info": {
          "package_name": "com.androidgames.tictactoe"
        }
      },
      "oauth_client": [
        {
          "client_id": "813163677543-0finr9krhrpg6m7857j77f78cmoo6m9u.apps.googleusercontent.com",
          "client_type": 1,
          "android_info": {
            "package_name": "com.androidgames.tictactoe",
            "certificate_hash": "c9516bac258d5828d8f0237dc78df68361a1c0c9"
          }
        },
        {
          "client_id": "813163677543-7chojnn496158cb3jaku09oaqe6i7m93.apps.googleusercontent.com",
          "client_type": 3
        }
      ],
      "api_key": [
        {
          "current_key": "AIzaSyB2dGK3ckfeEkZQIpgVS8IyVSLrDITJ2g8"
        }
      ],
      "services": {
        "appinvite_service": {
          "other_platform_oauth_client": [
            {
              "client_id": "813163677543-7chojnn496158cb3jaku09oaqe6i7m93.apps.googleusercontent.com",
              "client_type": 3
            }
          ]
        }
      }
    }
  ],
  "configuration_version": "1"
}